N,P,K,temperature,humidity,ph,rainfall,label
88,51,44,33.50357877325125,84.04412797734227,5.839234390265786,152.04282995937288,rice
62,44,54,30.977414465088305,72.41893962129157,6.377516622907171,263.44378760082714,rice
86,49,44,27.98039071541944,87.80193043627985,7.322856602123396,269.8554691416588,rice
68,41,50,22.99927144299,79.59128728248908,7.304617900005075,295.6105567166453,rice
82,59,45,22.49791064357486,74.04285454780846,6.7932976614082845,162.46408979913647,rice
78,50,45,34.84098297848564,74.21288920882657,6.2973015334230755,173.09636401760957,rice
86,59,57,27.857940865760984,82.73801085295791,6.45408227416716,286.91164686673017,rice
61,40,54,27.099642100485017,83.5895689237086,5.6949548530983485,155.01233474631726,rice
68,57,44,32.89166457277772,82.16942308154901,6.4022507165112845,157.15162209628977,rice
67,55,45,28.306851317041662,89.54694481601926,5.578954561772322,262.8949477482314,rice
60,41,51,20.24582059741147,82.20995217755717,5.384549035280985,150.2574026396813,rice
69,52,57,23.779275923209383,83.11029013058425,6.070137815471446,271.8726676644941,rice
71,47,47,30.70867145172572,77.16442617748311,6.347725469029723,217.6738828362556,rice
60,45,44,34.128967867571,87.10094324893541,5.309615134898766,246.84643954555168,rice
64,48,49,31.722172796768465,83.09304566782623,5.448301702927015,199.82747511236494,rice
79,59,42,31.5589220704244,82.89699991538532,7.083163201351852,199.53660330158365,rice
62,58,59,24.442537079834626,83.23910972896105,6.527802856761367,284.6653066339543,rice
71,57,45,33.88466225834846,82.86424833720056,6.061235179438726,225.95021931807753,rice
75,56,50,30.710290286281136,83.83528949655842,5.517096419894823,164.3850139054819,rice
77,44,56,30.719720106096084,70.43423802316563,6.823400172978447,219.55848379938357,rice
84,46,46,21.26753442051501,74.64730599432829,6.081660932210161,157.5319340797258,rice
74,54,47,26.25678941337207,75.832119430376,6.115281816355644,173.831100889072,rice
76,41,49,28.034460886539797,71.08287837269813,6.472493420855216,180.53867322640244,rice
63,50,54,31.66430192445039,83.30787342637586,6.8273763225896165,162.53079381642684,rice
66,48,47,30.5627113707165,87.52304099297986,5.201052842444856,189.12155955517534,rice
79,46,49,23.18432634866299,71.63631759595631,6.168649436781705,275.90087314263326,rice
74,52,46,32.45010653235556,88.75653923899878,5.255102039791885,209.31606366921721,rice
81,43,48,26.221644626008715,82.73220375698266,5.8494308634461945,196.09839239719062,rice
63,58,55,21.097681132224086,70.57442553449042,6.39062202151096,207.96518423833834,rice
71,57,49,29.82311033830615,83.64061317503733,5.829327998710499,183.88836848769336,rice
79,45,47,33.4685717700121,87.67273152304621,6.630613530072904,225.27553979511146,rice
74,42,45,28.535702111140388,74.70350976282435,7.130509825239224,298.20486330252277,rice
82,50,59,20.754164974978934,83.68373077555825,6.358174467206629,200.86509558448665,rice
89,51,49,22.257731039417834,74.60106367693498,6.938862946668237,249.23313913749035,rice
70,48,43,24.079522301419004,83.68580493624427,5.428488662248752,233.12024421159902,rice
77,48,49,31.6718237887184,77.88505109864766,6.566997237077705,237.3157438633363,rice
64,45,48,20.35309289197364,72.55960092732218,6.384305489595464,212.75374199203125,rice
62,45,41,25.409851848911433,77.82238777863935,6.753675588851939,288.10730327725634,rice
69,55,42,29.335231409369044,86.38247685222512,7.420265749509389,167.97341922879588,rice
71,43,55,21.927251782131272,78.83468578806722,6.1509330614114095,164.33513717997545,rice
71,43,42,32.954384535899614,76.62753476337048,6.165897308797154,183.3362848411291,rice
75,56,47,23.90634713720395,72.87436344925868,5.846580195403421,250.2265676625268,rice
87,58,58,30.882729464343747,75.21106500171214,7.106739056033902,229.98124629985267,rice
63,56,46,26.711195569449593,81.78322103075618,6.6973460529413105,158.69378995943242,rice
79,42,42,31.28947394017362,77.87873322161997,5.847790688944961,280.0202905635746,rice
80,54,40,26.468990584269292,72.21442893584351,6.571225601903406,197.89534050978477,rice
78,47,57,27.835929084670354,86.2269318878549,6.48567859712691,194.95926987704212,rice
74,50,48,33.84339307964434,83.76149448580641,6.907352129904567,169.8379767585164,rice
64,47,57,33.315335755811724,72.1426987589176,5.787128727588058,157.75280013253473,rice
77,50,52,29.219819107397875,86.71434561095285,6.563279591885374,246.96969284294306,rice
67,50,52,29.89113714201706,82.95297753737127,5.471197634298603,296.4977886045676,rice
74,56,57,24.726145840263694,81.47535936186569,6.28509021013888,193.77881407022628,rice
70,50,50,20.923583405063592,73.68391985718854,5.64505019908464,272.4663283795321,rice
62,43,54,20.48952820804206,83.25025862619806,6.124332772892409,292.78316140682693,rice
75,42,46,33.013776699767675,87.03047086572448,7.178368811884596,191.19537733749493,rice
68,51,40,30.68184719373256,71.34346970910315,7.184847655355803,201.5658127969042,rice
69,49,49,23.090939221465028,70.31173742435207,6.818046550374806,223.4052716219694,rice
62,47,53,28.544665454720246,84.37146389690496,6.509054124795199,171.28892003380778,rice
72,53,53,24.81913786193078,83.1732631716589,5.204684692790252,222.25641978538613,rice
77,40,42,25.814550038362633,89.27323138891086,6.718348353226546,172.27391318751845,rice
72,59,43,29.39164452505064,75.17504867561601,7.448241932275462,274.4252318867646,rice
71,54,51,21.37947581469103,72.48090739451199,6.945346605413965,208.361103386518,rice
78,49,40,24.63324426627897,83.92213834465664,5.393107319149401,201.76370027230269,rice
63,45,47,32.67194972724174,80.30997643617577,6.091549529652404,240.9783337330354,rice
60,54,40,32.85478066704822,89.61090179595067,5.808262190687113,241.0922437679684,rice
73,46,41,23.712748875465206,80.17611115649515,7.4178825069996215,190.892313555716,rice
68,41,42,27.86578987228645,75.9664861515083,6.23900238815175,185.03174051256835,rice
86,45,59,20.553850954234502,81.51596979524493,6.831109263213444,287.2949362680788,rice
85,44,44,32.57855660703122,77.9632656422738,5.551234958791615,177.6254490741321,rice
62,40,52,27.273909237274236,80.38777019238812,7.0914132184535585,282.828582788874,rice
76,46,49,26.076853696666586,89.9880453720094,6.9376620350152844,222.4286312928064,rice
86,45,53,30.16487920148579,76.20735318574737,7.307714056112918,189.48367184240544,rice
88,55,56,25.673976946690026,80.3552425346548,6.283565422270165,263.77770229420685,rice
85,54,48,29.12058962834976,89.48332679503602,6.0934508673900805,280.00015739129844,rice
73,42,47,34.0621188508167,81.34698246834935,5.8016004047116345,260.53618373488416,rice
74,43,51,33.10223859004825,84.84873612455996,5.148774128655968,164.37458645645677,rice
64,48,54,21.95174597855595,84.83375489726944,6.539500253034264,197.00940720432783,rice
86,58,54,27.446022408322477,81.80351103447445,5.054741464894642,200.70638584786306,rice
71,47,44,34.74655322393744,79.14104261177685,7.155120284451637,257.66931751516836,rice
88,49,56,30.660325986576535,77.4946835533392,6.98249860225021,290.0531510783635,rice
60,50,57,26.287436110799362,77.45978514853604,5.612630642626515,194.36256495561582,rice
77,53,57,20.555612794581066,78.98370097893996,5.994562791318114,292.8111380796283,rice
86,43,53,24.160199921736243,70.3791055772661,6.5746761852040025,266.14449379108845,rice
60,51,56,21.16293396513159,73.8936794117747,7.126290476023274,262.4259207627082,rice
86,43,41,26.89723887917431,80.30093675542125,5.593098319877628,246.84026656377196,rice
63,59,53,20.31327550722626,73.6536390014426,6.85104454212667,273.0758634760206,rice
77,55,59,32.81058466805503,75.43833688808823,5.881183253098521,220.84846732859097,rice
67,55,46,24.57912381429411,86.20303009953746,5.515002791178,188.143532536471,rice
85,58,49,22.618538111420158,81.00242471294983,6.517226913108326,156.51530799044423,rice
72,40,59,20.50057096114714,75.21287384353526,6.509270695609773,226.95508066789284,rice
73,42,43,20.740704619353348,84.02896851147166,5.159230182384315,267.9848198974429,rice
74,59,56,28.374257386644466,86.9810019980307,5.588579768311136,236.99750843136832,rice
74,40,48,24.630566500454734,85.06417489944917,6.8184231053731015,207.21600412512512,rice
64,42,55,29.573632780578357,70.49785131051638,5.460590244331429,254.90741918976826,rice
76,52,58,23.374529676776994,72.19782692093737,5.3836771084027175,232.67626533966808,rice
73,59,50,23.539783693583907,77.03361095754839,6.403525301309213,158.87434591664064,rice
83,58,50,21.330614451077754,79.6118590749034,6.146350440806074,182.28461753828276,rice
68,57,47,27.445187277715153,83.55054120357256,7.275294950852276,180.022817016848,rice
81,58,45,33.366775671292615,74.02120806694244,5.616712950852917,275.88483442766324,rice
74,53,46,21.502479968206735,75.8279610162504,6.696107676738945,172.6030673178305,rice
96,54,58,25.089867366497714,66.58054254784798,5.703162976379655,85.3642535861361,maize
72,57,56,29.321192382720053,69.74197326582133,6.081743236749104,107.75779457530504,maize
87,45,44,27.419871909847366,55.59613765187554,5.722814112961221,66.52162057724595,maize
92,44,56,28.850287136930127,61.24887129706924,6.927314174898049,90.90104567850243,maize
96,41,43,23.42233715238224,67.903856868587,6.576930290996465,64.08379908584303,maize
71,41,40,20.092537374489094,69.02533570591986,5.957908642907937,66.37215897657609,maize
71,58,52,28.13305416697363,58.87039002812748,7.043569943510361,100.04896909463915,maize
75,54,43,25.31086709967365,67.22667634183887,6.871116798956555,68.71943461614282,maize
95,45,46,21.343872658733947,65.22576116058809,7.123667559465398,85.84074180728395,maize
99,55,55,27.437082367791497,59.734299223091725,5.877029803113108,73.56606263734852,maize
75,57,52,21.24174429271247,55.68074255715917,5.929823736014354,106.35007097711492,maize
63,49,53,29.678298675101544,64.84756826372092,6.499016762368112,97.82527291312243,maize
78,44,56,25.851618389455087,53.562739602846754,7.4753798659244,102.18109739422425,maize
63,46,40,24.869129033819036,61.6392169940292,6.957877935180923,62.668667849111266,maize
92,40,43,20.831081905720314,67.23961599659158,7.315824608182737,98.25254403904758,maize
90,50,58,29.454717285501665,51.16563623802865,5.8256699535063055,82.55378293559365,maize
99,54,59,23.60302952478228,56.595184559688846,6.782754893738415,96.40159809319135,maize
74,40,43,18.833044933533778,51.14897877035601,6.443381378014179,95.93442854145113,maize
70,42,48,24.70206466776681,66.64989348523105,7.328139476760644,91.57675734956945,maize
92,53,57,29.761157196797626,50.82267509932809,6.182694771876587,95.07725258158499,maize
82,41,49,24.232006274077584,56.85134737579977,6.915691920646412,107.36343611713815,maize
63,40,52,29.859333688274432,58.33752526306078,6.390729828922188,83.27283981446388,maize
99,58,48,29.309306815948105,58.293641074599535,5.749541125437067,78.0085242102234,maize
66,41,56,29.648155320027882,57.23451275768953,7.44002491703759,103.08067317357967,maize
81,53,42,25.170605132043942,66.64627575084377,5.555835371620494,85.70242000624236,maize
90,57,42,27.82406975744494,66.07513363816658,5.611189002761526,97.50774612727463,maize
96,43,57,29.811418289244934,60.265045140526226,6.367750040959491,81.4710441536148,maize
92,56,56,28.429391973456227,52.40214951654278,5.684637488311965,62.512532273369075,maize
92,41,53,24.757484825629973,56.92933225830394,7.129520640200087,94.19719891562156,maize
91,47,44,27.909875933767225,69.47668470306215,6.0977032662763895,79.02875041642737,maize
80,58,41,19.038644478993003,66.15962723724823,6.239564227143974,93.40665698127002,maize
76,43,51,28.115050247395253,67.493587460278,6.1932005035329025,92.56212235230865,maize
84,46,50,27.343696226195544,68.49144782340792,7.059342430223795,104.45195160716315,maize
80,50,59,27.22743574289585,67.76441981180336,5.912866538437914,107.94239601216503,maize
67,50,55,28.422233502027957,60.32179829253937,6.414353726981658,102.18735299500105,maize
70,53,54,27.590784544786864,64.59583782230041,6.7368293021292445,104.67021409542758,maize
64,59,48,24.96084696429476,65.8470055740944,7.48582935877597,86.8943642978776,maize
70,59,44,26.522859704531562,56.33623849587004,7.0207962922481535,73.62455311511206,maize
75,40,47,28.257873049782454,60.66829653799009,5.571663096367872,66.39549818335433,maize
90,47,49,18.258521622561943,60.076694950135945,5.571743276045087,108.38420110771827,maize
85,52,45,26.346747573945883,63.1934937557962,5.782384540255686,95.9010732059761,maize
90,50,54,27.4945150125088,59.99821423150112,5.60769223683182,100.16395097560417,maize
98,55,58,28.753811085943457,58.45568343783804,7.247893313549517,83.38691565147661,maize
81,47,42,26.214694683807103,65.40041885515346,6.055030435913988,94.76895043811521,maize
65,55,41,28.520669809346312,55.381009591263805,7.301637687761831,73.79597895586659,maize
72,53,57,24.961111520692413,69.64849962990661,7.39221244012706,73.03945808342888,maize
76,49,58,18.409588395584887,57.83092691859723,6.83617093842946,97.91795789942705,maize
72,58,44,26.51187441835055,62.977574174078875,6.790031448709165,60.79565944797964,maize
69,56,49,18.721245030861315,51.531466679346956,7.293418193248933,108.97141463665972,maize
73,53,50,27.978914378285957,58.3135993615465,6.514391594628255,90.80161533422283,maize
96,53,58,29.018936622966994,64.92926987297042,6.831858124267774,91.09908249898737,maize
93,59,53,29.542959524461587,51.742777392851984,7.118508956475601,75.93915139382452,maize
69,56,42,20.158555456249,52.93935143699199,5.977127050787265,87.31979815821111,maize
76,41,45,25.78178900797638,52.958613385612864,6.939074153737647,85.68597380264889,maize
75,58,53,25.63661500473571,55.33165794288302,7.151140162253824,73.02881188002763,maize
70,41,42,21.172034957029187,69.55109779581296,7.402655886407016,77.67571695089408,maize
77,44,45,20.307390732149404,61.01639869031054,5.666539456673899,76.57064824792442,maize
90,56,47,22.489659023703176,65.76769998922319,5.8150511570873045,60.96745947446787,maize
67,44,55,23.479660897729246,50.344086617770046,6.260191709802694,94.35742162053864,maize
74,48,41,29.80748813119569,55.771408375992,6.597509503440679,99.53899148009583,maize
98,40,52,25.30067450699554,54.96719973737229,7.2924383876432195,94.82580759613325,maize
69,48,59,24.23183848883408,62.87963251451224,6.148714099525094,94.00351907708855,maize
73,56,49,19.89456322399988,56.93526121210888,6.517981589034099,93.36988649975457,maize
60,40,51,20.760862509581003,59.43612452159539,5.900539292132976,109.42347486161194,maize
91,40,57,28.318747917748922,68.69549507347865,6.005065582716437,91.43559584539847,maize
73,45,59,22.514112412769173,51.211567344685676,6.216537825047809,97.9459455896666,maize
89,41,59,25.834165232804708,57.93742169465711,5.802195304056114,89.65522046648223,maize
70,49,41,18.564943533326755,52.8490635193438,5.812515344787396,102.04220542828897,maize
69,53,49,22.487471569882374,56.807847528095486,6.643283292033306,71.15264295802724,maize
72,44,50,29.628546323853143,61.64314949033891,6.997905839144051,85.19468485259074,maize
72,44,58,19.555387571761038,69.79131267471337,7.198460366324754,100.39687580013221,maize
87,58,43,22.24622674334109,57.6482381594665,5.614604754969481,86.36685381853292,maize
94,41,44,18.3289711724304,64.33977405294797,6.26170303296932,82.21309526167987,maize
88,44,57,19.36663901375063,58.34870706410253,6.161075207608669,100.99201472590303,maize
83,48,55,18.6291790737117,54.84240476071959,7.150259948504353,68.11453848483865,maize
68,57,40,23.914184527278927,68.52626808667422,6.572494756190194,62.31353160782432,maize
60,49,43,21.060317101672712,68.48676249665266,6.789765183731273,70.60670045958175,maize
68,48,50,18.150088013060383,59.173223193761046,6.5944794354830245,66.95706852714541,maize
97,56,49,23.343988624465986,67.8287001356328,7.094227375912935,85.54333708537408,maize
73,52,45,27.98533886205744,51.217014100261075,6.203759648248505,80.86405830467922,maize
76,54,59,22.65900692625157,65.78530551769046,6.237687449951435,70.93071613042808,maize
69,42,48,22.95689191267821,61.779535911625494,5.7305885148273,107.73635164647919,maize
93,58,53,27.979368592936034,50.22463411432471,5.57244625306076,84.0555146375251,maize
64,56,53,19.361264106831698,60.210784831422615,7.074540079546325,98.98957818340493,maize
67,59,58,29.333889633519252,51.52693102922772,6.381287553146257,75.53456620482307,maize
95,46,48,18.825753297305262,61.12382699233486,5.793089255055504,108.76826343610895,maize
77,57,51,19.78578060120003,64.42210356205833,6.061090667657891,60.636591524991445,maize
73,56,50,28.591409255882255,55.2942414846543,6.798213675865566,67.014289635847,maize
61,52,56,23.682153434874007,54.42962417300538,6.457147595106792,103.41792410744713,maize
94,47,55,20.258561272480694,50.72077166563694,5.50340892857606,74.67124543528423,maize
99,55,42,23.006553467978033,50.34451064917225,7.406633436060151,67.56656626313236,maize
68,49,52,23.621005525440175,56.72322769366761,5.712845162481283,79.31856570070138,maize
77,42,52,27.509709854467612,69.06566858747335,7.198533284317819,108.35716832175783,maize
69,57,56,22.516318209601412,60.77285488902099,5.769187256651242,107.18161734762276,maize
83,59,43,23.258653487216154,54.66799614791266,6.341071216622915,87.11406478240522,maize
86,59,46,28.266971888463164,54.36570997795549,6.088662650295226,73.77699539464138,maize
96,48,40,24.86638209864764,60.99937130877369,6.296091991309544,103.65716283727815,maize
79,41,58,19.20801510099595,67.65211431538144,7.429401881199576,61.030690371799764,maize
83,44,52,22.065987499283086,53.481268214492104,6.179949469926003,82.11365014729788,maize
98,42,41,26.13471333366867,55.65744251942412,6.408552582748728,96.7886142606431,maize
33,56,36,22.824964085200968,44.10255372937418,5.633389584595667,78.28380001718332,chickpea
26,45,28,18.614202211000205,57.33746725125927,6.1134997635848265,74.15322169941021,chickpea
32,45,30,25.745736422601908,52.73318611611274,6.823619132640177,76.62680800809426,chickpea
34,52,28,28.906294982633415,47.590789859051824,6.210469565085921,75.72838719021689,chickpea
26,42,27,18.137199006036628,48.24693246051881,6.198646209250547,73.50584213258058,chickpea
34,53,32,22.944620884400816,44.31459246620848,7.38393069082809,65.8045607005983,chickpea
38,48,37,21.6496801491682,42.14968513102886,6.910976741218218,80.01700668948516,chickpea
30,48,35,28.182555711138757,49.10952195619147,7.49692947047043,74.42108864778334,chickpea
36,59,21,17.190137208293535,50.90825268014504,6.083260155969288,67.0374416886835,chickpea
28,40,34,22.676514550404807,55.435160627944896,6.294214758894027,77.36260401519087,chickpea
36,58,37,20.52056192099979,56.85219455148892,6.706847272080755,82.71703238755805,chickpea
33,51,38,21.050484888780936,51.774426462117475,7.035325630142878,84.5415159183061,chickpea
24,48,24,22.885843624634663,53.04731838575806,5.6970031618671495,61.19630592414897,chickpea
35,42,25,16.487562008691338,56.112774883377384,5.659329421952113,78.65938233203845,chickpea
27,42,22,29.591036412609775,51.22822537786743,7.032526134504672,75.23720931670088,chickpea
37,43,20,15.3679341304833,45.17587399679978,6.6917342087676985,87.2885084396588,chickpea
30,49,33,28.451274584247805,53.042754942815336,6.745312824652114,79.36725484384615,chickpea
26,54,29,20.013231902572752,49.48185702448949,6.3255731270042785,75.67019128263291,chickpea
28,43,37,15.903688728214206,43.046789521466884,6.01272806641047,87.69175722737809,chickpea
32,59,22,17.950799578133754,45.071876909059654,6.872459766536667,66.86624825405963,chickpea
20,53,35,21.16845600205212,52.23778720612468,5.530348512715383,78.30947223206329,chickpea
23,57,23,23.36121914186264,53.11606567319225,7.023614025947919,78.59323865633527,chickpea
33,45,36,27.0989470795392,47.99738071166575,7.213344083079477,68.77691723966737,chickpea
29,40,32,16.022791433676748,55.134764437868014,7.388427094312008,87.94704871655917,chickpea
35,55,27,17.96448292527739,48.13130794763553,6.059945145760783,67.94311881687301,chickpea
37,48,36,15.532116756293625,54.873378864111544,7.317499731577714,70.58488991218402,chickpea
34,58,20,28.53578656448863,55.00759992753167,7.4599598302776196,66.31912398531614,chickpea
26,40,38,18.421798826097426,42.099110227630575,5.782365784877115,85.2313596376442,chickpea
23,51,23,28.107484703572236,53.8935429368607,5.551214774625474,79.3871873703436,chickpea
26,57,35,18.838676199381304,55.30639040332155,6.7105067667896385,64.28299685134373,chickpea
22,51,24,17.06545330107089,41.45732577011106,5.755602541671599,77.49147560496297,chickpea
37,46,26,27.24567964307378,58.027730293653775,6.298937660739457,64.85232770392848,chickpea
38,48,26,23.817475570620154,52.88211202137856,6.480778553820077,76.75428702671239,chickpea
26,43,22,18.6827698001596,54.73412777244701,6.15276693753015,60.51000738958908,chickpea
32,50,22,16.315795570395615,53.68486108624411,6.876723530387141,61.51883120410181,chickpea
34,52,26,28.37418120046953,55.839700672830325,7.488198197936991,65.44510433826703,chickpea
35,59,22,27.129743000483487,52.39835994312863,7.113901509736951,65.66866725111467,chickpea
31,42,31,19.667764716021846,55.891754888784575,6.464766285627311,87.1332316344807,chickpea
30,41,25,19.705330510678913,42.105366626635046,6.368350626627992,89.64387843486745,chickpea
29,45,24,22.240944146966505,47.158765884015494,7.302880610643613,71.72090288040235,chickpea
33,58,36,27.363188030154063,59.549871842022576,6.0961967811224,82.72273019133208,chickpea
26,43,22,27.435000521355242,44.87941106812125,5.518817540375603,75.88875826462959,chickpea
36,40,20,22.606856277847573,59.693559019187816,6.562153736918902,89.35205586751536,chickpea
29,55,39,29.907813927369972,47.09425790711873,7.472606379684601,83.25510053825305,chickpea
33,59,22,25.047199568457913,53.693868395240585,5.53179890539333,81.77266800936341,chickpea
31,54,34,15.641845181132588,59.432794331649845,6.1222154013015855,67.80822525456844,chickpea
31,58,37,20.093393576290154,55.681372836478324,5.699679622470318,62.383606587635875,chickpea
36,40,26,29.127092927006487,57.9141587878683,6.067741590011181,83.27435917805877,chickpea
38,56,39,15.032594536504948,57.17853371714727,5.661562868497608,86.90740982109813,chickpea
27,59,32,19.168813547660143,46.97464268357814,5.964929283844142,64.40055408254061,chickpea
30,57,39,22.46580971304415,43.30382586319385,5.783721780860016,76.43560346724446,chickpea
32,45,37,23.837928252631173,54.42854370612683,6.657656432798176,70.75417348583163,chickpea
21,45,25,29.276172562647286,51.70671844873475,5.814865306801283,60.698892723178865,chickpea
30,54,28,15.622478117785477,57.492008096804945,6.140314058679001,77.26269858726712,chickpea
37,58,30,28.718000507305,47.70976194075545,6.017883195844923,87.67308875675388,chickpea
28,42,38,15.520519457900411,59.909832746765254,6.762228477136197,87.60805735088022,chickpea
33,49,37,17.38496834058658,52.07632301410733,6.658989238936961,64.04628571969988,chickpea
25,50,31,22.435183178454622,59.12806792218315,6.6407399731647985,70.96153761679639,chickpea
34,53,25,22.231257294462097,54.72674493677818,5.79910478127447,77.8310955255442,chickpea
27,57,23,25.150841322949972,58.04940815575712,5.548566938721089,84.0479127760393,chickpea
22,45,28,17.346841909878982,51.44863300971308,6.949761844461519,69.16831381136852,chickpea
23,44,23,26.759463417484085,45.113478379972136,7.0683390673065,69.47677231492293,chickpea
28,44,21,24.093485379726765,47.73565410167798,6.120189203465598,62.90305183742099,chickpea
31,55,38,15.780877895100648,43.71027662944215,7.119970612807147,68.28640856817567,chickpea
32,41,31,29.914336829460545,45.98547198906666,5.863706962794767,75.53540491881199,chickpea
20,44,36,25.846377318582462,40.53464302230393,5.753869023726896,83.2067200951677,chickpea
26,58,24,29.509666173412548,45.01241864462471,6.221783705706225,86.23161863939404,chickpea
32,40,31,29.00034859290195,52.47779981079498,5.544909697071786,71.0803091337687,chickpea
36,51,35,21.749908340809448,46.73245568169055,6.139217757082134,81.1103069130748,chickpea
39,48,33,26.792934313659586,53.421261354707525,6.226816569816255,84.45076552965536,chickpea
21,49,32,28.297884425150883,51.3678944177384,6.928485828196156,64.76481368806786,chickpea
34,41,20,22.704103666652692,51.59254031474232,7.207126436970766,74.11422862772083,chickpea
35,46,37,28.74414479014616,44.666564435608436,6.252176940366062,77.07539401853413,chickpea
22,48,29,21.725810152279852,46.12577439567504,6.667984018695458,79.13497365506805,chickpea
31,48,31,19.736057014904524,58.1829023143673,6.038687946312205,74.16288158479335,chickpea
33,46,37,29.100365548292814,46.37174830155071,6.608358630825281,84.41423364099292,chickpea
38,57,29,27.197510559028437,55.97100429145925,6.18383803968574,72.26667264033865,chickpea
38,40,29,22.48278231434098,42.65074089560227,6.100793127999679,78.25209629569787,chickpea
22,53,22,23.006570756280745,49.61941259737703,7.422722054625452,80.73197013016282,chickpea
24,52,32,23.908085416847992,52.66553426762395,6.2923097634914225,79.47155608347519,chickpea
20,44,25,15.992720784047432,56.31488516160883,6.807666771140235,67.25189777730112,chickpea
39,41,32,29.580862449634278,49.81086191940788,5.687050745165324,86.58453489178828,chickpea
32,50,22,20.191923492404342,42.679595709421875,7.180335138605779,70.23614173605887,chickpea
29,46,22,17.264671882823336,47.655048227534934,5.598792006374744,66.28604060121882,chickpea
37,47,23,26.50782195913806,50.76039321207852,7.427130755915061,68.6421442099279,chickpea
30,49,32,29.233786938372234,56.59321300075764,6.835586595931572,73.1411555968499,chickpea
27,44,23,20.110385673771923,57.08101053128057,5.970744338819783,87.0324124923456,chickpea
26,48,23,20.776063401671284,58.69974632437952,6.6939611828695735,80.89705227641281,chickpea
23,58,36,15.289741553835126,47.153959462837676,6.246830800268537,76.52706013912558,chickpea
35,45,32,22.273805769374242,41.23847293682051,6.7075646407932705,80.37008982414794,chickpea
25,41,22,18.69152153218203,55.21948700650118,6.897602083971451,80.14407258597261,chickpea
34,41,38,18.226687764407135,42.007465197358464,6.761051049078994,62.2592371338832,chickpea
34,50,31,26.901601698539295,49.40201944987443,5.851188036995678,68.56553217929931,chickpea
20,58,21,25.2318192628396,47.60211856331611,7.173020576489261,75.61718391623273,chickpea
36,42,25,24.87005496504892,44.57294625237909,5.549185374628635,78.22278602987329,chickpea
30,58,36,24.189350629870134,54.83355125453858,5.988139875439855,66.58856365325643,chickpea
23,42,24,18.251427240272847,41.13113681827954,7.482628638869331,67.50932532544309,chickpea
29,48,29,24.997260437102856,46.35971990541948,5.549232720995435,62.95507507610049,chickpea
23,40,25,29.32032086584728,51.28464281085928,6.3961029176548925,82.83519549854026,chickpea
30,54,36,19.668035025003736,54.11817054552341,6.656000505590326,78.77495715039768,chickpea
27,53,34,21.16548226659915,46.43145802679361,6.2272434184249645,88.49336639847377,kidneybeans
36,45,22,18.31964535192044,46.22963014576707,6.8227181840872735,137.63008060939114,kidneybeans
21,53,26,22.493114781829846,49.47228915220318,6.722174650248732,72.6560402963603,kidneybeans
22,52,33,19.416256300042463,50.62976898603791,5.720449735294501,135.59240949502043,kidneybeans
28,52,39,20.601083829079407,48.19298897169401,5.781040044869481,144.80922605039655,kidneybeans
38,58,24,18.138608067841755,40.41938179261003,5.686610993526773,92.92166150484675,kidneybeans
26,43,23,24.89321079891844,51.959748822135204,6.612163877231767,107.45108179508858,kidneybeans
33,59,37,15.003511179523734,53.55278268290127,6.843511664552507,133.07156955453144,kidneybeans
22,56,28,15.092858187715962,49.10129197950951,6.411760723946227,125.63881660618371,kidneybeans
30,58,36,18.26483993772244,58.71577954678578,6.615588783721243,122.35060174099023,kidneybeans
36,41,35,16.924374118674578,52.304438030383466,6.085362641549596,85.08271359053036,kidneybeans
37,43,21,21.54780468044056,43.76389336736722,6.279125295579905,100.21102599624116,kidneybeans
29,59,32,21.244937831673166,55.04735606341423,5.757097500491492,146.09055714334778,kidneybeans
27,56,37,23.737992899769587,42.455804662082386,6.419540650771596,121.4731639286431,kidneybeans
37,49,32,16.423935648871904,41.625087646192476,6.371928401457954,79.58591916159644,kidneybeans
25,47,35,15.784114543812237,42.382219291796716,6.481210130252272,88.31118073383485,kidneybeans
37,49,34,20.828726499382277,44.72989509621528,6.820365474483177,133.98486152138474,kidneybeans
24,58,26,21.647518239359496,54.72573142014227,6.5134882943831,140.80301137484616,kidneybeans
20,50,32,21.483528182125465,45.11774931173558,6.026175580071477,94.81290907706904,kidneybeans
26,40,31,21.74908613432465,59.564040626983015,6.930051139974207,115.10843947634083,kidneybeans
29,47,24,22.12260616027322,56.3992721703624,6.296790919885751,97.26253778195098,kidneybeans
39,46,39,23.345186709284974,56.82525785164756,6.261112999202419,93.32912646778345,kidneybeans
36,50,36,21.574118816909444,40.82653589804707,6.026406905630656,140.6025032879175,kidneybeans
29,42,23,16.317085726262746,57.534206993391784,6.794265030636439,105.04463450519637,kidneybeans
33,46,20,19.629700090310966,40.438320803051596,6.496173844064782,71.61099768190918,kidneybeans
27,43,22,17.846115359031465,54.655008517631515,6.186302521794728,102.84291393769125,kidneybeans
35,56,39,21.238842241487973,59.28217167060316,5.510472372770914,131.95672774615483,kidneybeans
35,42,34,17.906828007387045,59.993635971985796,6.461323879587154,132.23972007593977,kidneybeans
31,43,33,19.699062707842913,56.04714078907102,6.310465659769533,101.31425649598768,kidneybeans
20,58,28,22.43826751589213,59.667230732740045,6.81105900809531,70.47319622939011,kidneybeans
31,40,31,24.066620848798216,44.10330355688709,5.925753180347148,70.90269469973987,kidneybeans
24,53,32,22.384034152177293,50.82643192446191,5.926059413217381,126.3195551288837,kidneybeans
25,41,27,22.232597317298353,49.282229290382425,6.39305367071648,124.8855961712773,kidneybeans
35,57,30,20.909993011557894,45.839021171684635,5.651113713768971,85.04098736637519,kidneybeans
32,41,22,19.375195975994664,40.73755087188444,6.89103563119168,131.4881843019995,kidneybeans
24,44,21,24.990934475710816,45.477291008961856,6.213070673044494,89.70911584159066,kidneybeans
24,55,31,22.870237719576217,55.46351449214362,6.450540848200091,143.55653621333477,kidneybeans
38,41,29,23.25776164245333,47.8603786663155,5.761344161198953,96.29570708851382,kidneybeans
35,54,33,17.319771972200257,55.45299575766049,6.89422969903436,98.3166051507954,kidneybeans
35,56,25,24.860293693843385,40.229968215774825,6.3853780725791545,145.9149066488771,kidneybeans
33,45,39,22.541096251937773,55.01599432521661,6.424689749244017,127.56369558460294,kidneybeans
37,59,35,21.42893214810504,51.81880886026792,6.456587033697864,94.16786374213282,kidneybeans
21,47,37,23.021450612421813,50.22572091843729,6.368933125482802,123.4312770311066,kidneybeans
27,44,20,15.907393868880623,46.30267378722675,6.998027368980476,122.64420673937464,kidneybeans
30,50,27,21.35066386484052,53.48110414228401,6.233507191261739,101.90707538160109,kidneybeans
22,56,31,15.274840353668546,57.125957797691804,6.600977906507799,125.67084338358299,kidneybeans
37,51,39,24.891153308863842,51.15825533134017,6.433095520776453,92.23196048994713,kidneybeans
25,44,20,17.66813674991993,59.583613282483775,5.632954118158151,81.03775904915854,kidneybeans
28,42,33,23.367130237916996,45.85456403355069,6.896414327145786,140.9303702156555,kidneybeans
32,57,28,20.873774207462404,42.7318065092086,6.94615439665799,122.75524933681372,kidneybeans
35,46,22,16.186539987186876,42.8654817152353,6.785524609405898,118.96141916866688,kidneybeans
20,49,23,24.599859969916125,46.14524909382147,6.2121724936872615,134.21968243412582,kidneybeans
21,54,36,17.96982325389253,53.801569785926404,5.791355798483223,115.36657641207803,kidneybeans
24,54,31,22.35837770301997,55.36735893818463,6.866598344905462,119.63539180078789,kidneybeans
30,58,21,17.5791599159747,56.351434832471824,5.81718422386071,75.86687619069453,kidneybeans
34,43,36,15.001070178574322,44.869116291037926,6.0195173454407715,145.80103913550317,kidneybeans
39,41,20,20.823470712244294,49.191565136528496,5.739830352636186,142.31438235772225,kidneybeans
31,52,25,21.127711474188338,40.25145595242473,6.490861914498851,141.6400849056037,kidneybeans
36,46,36,21.53262480926226,56.957112908702356,5.5664072530312865,79.70317967063464,kidneybeans
33,56,22,23.359110220799284,53.938471901809216,5.53080015434733,108.8255022320291,kidneybeans
23,50,39,16.700181047919415,56.793466807359025,6.91642164529288,127.89754176406059,kidneybeans
24,56,29,22.870974690676658,50.89557064142477,6.461308243895047,113.15267042238253,kidneybeans
21,59,27,21.07363373282358,58.46183725141498,5.503132079141659,148.7241433374757,kidneybeans
25,46,26,15.091944347122833,55.69448871746982,5.637247546947709,110.03171084244492,kidneybeans
24,41,30,20.81344728680214,48.345324472546864,6.312024473990913,105.6741050893531,kidneybeans
38,50,38,21.927646238154182,51.443093536416,5.706770589438614,118.8519647111955,kidneybeans
20,41,39,23.96283716531324,48.78172106631591,5.725412925869734,112.22388295571928,kidneybeans
27,42,35,24.856264397363386,43.83523185187351,6.569041091253283,126.86322286876924,kidneybeans
29,55,30,16.121138793018257,47.72355934990661,6.006573303762804,123.34201116658188,kidneybeans
33,44,34,22.406014220991192,46.090370950996736,6.422774988734668,149.4600741219918,kidneybeans
31,53,38,19.548865922674583,41.30516797904365,6.512279840392354,110.28875520515064,kidneybeans
31,54,28,18.415376848193873,42.55213058469415,6.670438596862936,139.12731522149033,kidneybeans
21,51,31,19.997208884452917,54.835943910970464,6.533916500913784,80.75122195757841,kidneybeans
39,45,21,24.49565825605501,48.433705372642564,5.676508628606655,84.246327937069,kidneybeans
25,41,21,19.750536667901393,51.93967453681253,6.371105382098888,118.44444380761185,kidneybeans
31,45,34,21.78817634067228,55.32031557119439,6.66215764947974,100.54816397368083,kidneybeans
29,58,38,22.78309892716149,54.02308896048756,6.691123666386565,90.75704271191717,kidneybeans
36,44,27,19.81817437726539,48.82704933445186,6.330311346678288,107.56077040320878,kidneybeans
37,58,26,23.755013337423293,46.87931522970787,6.928675583775845,145.4486383079717,kidneybeans
39,44,23,18.249317141112623,42.86964839995593,5.757631136494453,135.14845636731766,kidneybeans
22,49,39,20.97121400976592,54.35394154643873,6.973455340853859,80.34654107283667,kidneybeans
30,48,21,17.242002795466515,41.536168904572214,6.2772561251118955,96.6064420853786,kidneybeans
33,57,28,20.20279019007715,44.75204251457116,6.204511021923993,142.37424259905134,kidneybeans
36,44,36,15.902414424544036,41.88055586208664,5.935877915891988,119.70352611380626,kidneybeans
27,42,38,21.08307538918156,49.35156795833862,5.893635024175406,117.15018345198847,kidneybeans
30,42,39,23.118279937990888,42.493687317361314,6.9286426587082355,93.84547234994547,kidneybeans
38,43,33,16.501270826951888,42.28422760501678,5.66922623786111,83.78850555886862,kidneybeans
20,55,30,19.657182923503452,55.09560960503381,6.953315007679679,124.40933125856881,kidneybeans
37,59,35,20.336845808092264,41.716976543400335,6.0992332064319275,76.73937437895744,kidneybeans
27,56,32,19.377791311481666,44.4382894168556,6.092111009085242,121.40345408873745,kidneybeans
27,48,27,20.854157853109708,52.65061066759916,6.836612455164698,127.06276193917626,kidneybeans
34,50,39,19.36913330616178,43.02751730323127,5.851966858673999,90.15102307301802,kidneybeans
27,45,28,23.04401798007917,50.31825769405137,6.316207953233217,100.48326043213417,kidneybeans
39,57,24,20.84915261426783,54.63960080113916,6.017487090851022,74.59333923326557,kidneybeans
23,56,36,18.682772244314343,59.861230121211975,5.6561010627642005,96.86857017226836,kidneybeans
20,57,31,16.912423759571002,49.1422326990785,6.636235935705813,126.9848307984416,kidneybeans
33,42,20,17.1626816348013,46.21799436496879,6.733322561434683,126.24147840178068,kidneybeans
23,53,27,20.525830923267762,41.04972493968774,5.694129876035405,102.21367833095547,kidneybeans
27,49,25,21.406744599298335,54.88107491689505,6.883197931062819,148.89890749166904,kidneybeans
26,41,35,21.15194177440428,55.4217849942016,6.112088838172278,73.94065796478574,kidneybeans
39,54,26,31.926429008079108,55.88138265375296,6.083185157729533,97.99755793094292,pigeonpeas
28,51,36,22.34104676740469,56.18992274716403,6.855673720542535,94.31384138584322,pigeonpeas
23,45,23,34.311326355983454,51.80054395101082,5.898923655085601,92.81863665129399,pigeonpeas
31,58,36,20.182419622646115,54.26830747730082,6.390891646035746,68.46185269642504,pigeonpeas
32,41,37,22.713426107072156,45.60388096893002,6.139296986107746,77.76658869710232,pigeonpeas
22,47,38,25.520749223339664,45.52967454309267,7.013308000239036,80.51954390823501,pigeonpeas
29,45,28,29.718502434059978,60.01680980818789,7.465249789919495,92.5816749421955,pigeonpeas
35,49,35,33.53824613672868,56.93164281816142,7.359129588209921,97.56668781663727,pigeonpeas
35,43,27,30.002365453251464,64.83865951194376,5.647666004053162,70.20264053540774,pigeonpeas
26,56,31,31.60193057902066,54.534657658793385,7.070249374457552,72.04972844614826,pigeonpeas
27,46,20,23.15176124111871,41.49336746730023,5.899295033566672,84.04668243487279,pigeonpeas
27,42,36,24.821430468117686,59.25652368993748,7.1495951641470405,75.1117598597689,pigeonpeas
36,46,30,20.223117519174664,61.189883216252,7.1621479855324655,99.73495603825367,pigeonpeas
34,42,20,29.862892041526557,45.937646523942114,5.9111803774063905,77.88015398960172,pigeonpeas
35,57,22,25.571712565497993,43.275739742370504,5.995005088546635,89.58030586742154,pigeonpeas
24,54,34,28.36580263116125,46.06729249541281,6.900893221183685,64.58059921383389,pigeonpeas
36,56,29,27.278609404610982,47.707766549974544,6.530969064166563,76.37642859902485,pigeonpeas
25,49,22,24.81883997511358,64.04160581028077,5.779421877515394,86.20587081035659,pigeonpeas
30,45,25,29.91090168054318,57.1556108508979,6.477584101553827,79.51024059344273,pigeonpeas
30,56,29,34.209436590313715,56.12503002366769,5.946185096321579,86.9381164723427,pigeonpeas
33,57,29,24.545375217260975,44.61088645202809,6.1573348846926645,98.17645259525833,pigeonpeas
32,53,29,27.158572578275674,60.615363832656385,7.451351257949454,74.39978824446693,pigeonpeas
36,43,37,33.349228976164255,43.41088313632206,6.872949514588769,65.01264184833235,pigeonpeas
27,55,21,34.431504217255366,43.748698710901515,6.674815349811328,79.55645076591466,pigeonpeas
27,46,34,20.00422772421157,56.54406026530208,6.8816985692240324,83.79434322838684,pigeonpeas
36,46,29,27.534045210158766,47.75272719906792,6.434681836683009,81.32984089140355,pigeonpeas
38,46,39,32.162687010002266,50.07124834115898,5.543993150456325,61.28519778277158,pigeonpeas
24,56,22,34.867623394037174,55.88657971395576,7.348508719148164,95.6608129441871,pigeonpeas
26,54,38,30.64797841373498,61.42538238150772,5.646224191078531,98.8888910242524,pigeonpeas
22,57,24,32.3736689149917,58.710151263379664,6.585571531143108,67.4300363762351,pigeonpeas
36,45,29,26.270338905940733,49.22576049859736,6.058321463929909,61.602788148991245,pigeonpeas
37,47,21,21.944149398093494,57.93348481878614,6.8550894898829835,74.18144105496896,pigeonpeas
23,45,38,29.01812073786231,41.689683367716654,6.529274768648901,96.69736958693547,pigeonpeas
28,52,38,32.84950079906817,60.25929589576873,5.58954687230163,68.67220911018296,pigeonpeas
36,49,33,22.887990544860184,50.630348149075864,5.579541996882346,87.31684270463745,pigeonpeas
20,40,28,20.065802354683335,58.802621206012915,5.880574429005221,86.67337116708396,pigeonpeas
38,52,29,25.973280090118323,43.825366693766846,5.632760365137561,62.122781219937714,pigeonpeas
20,56,32,20.421693138315057,46.29760596228707,7.2223669732693345,65.14828429395352,pigeonpeas
32,50,32,21.34632599429645,52.71585362348805,5.743578477616344,63.03716326052125,pigeonpeas
30,58,20,30.034085249736208,50.14150122996368,6.80892879266773,70.8406622673831,pigeonpeas
28,45,26,20.12851168182322,55.12042666316558,6.198347564070021,95.8942405864882,pigeonpeas
31,57,36,27.47397486058186,50.053815020834776,5.814234743178994,78.96125065848975,pigeonpeas
25,42,25,29.875648089854074,40.38703358895331,6.9609909472087335,84.123322854766,pigeonpeas
24,40,22,26.942519534740974,64.08725895855254,7.499717861611441,64.66655868733498,pigeonpeas
22,48,23,32.27221267957498,55.28349619707551,6.5279889250290495,97.98918380866306,pigeonpeas
21,59,21,20.840069470752326,45.08802845518338,6.976510896383061,90.07764995684539,pigeonpeas
30,40,28,28.23272637908952,51.30387416443605,5.6076034892711135,60.882279564230124,pigeonpeas
20,45,27,33.334890817237,54.80710813372678,6.783396908472336,70.81443842646439,pigeonpeas
36,53,21,29.185200588758654,43.009756491256525,5.681110698381968,81.24430301506611,pigeonpeas
31,56,35,33.563671739228745,60.88542782018378,6.406789158614008,63.62573897754475,pigeonpeas
24,40,26,29.077016196011453,52.61499543433655,7.4882680689271615,64.92732542478926,pigeonpeas
33,40,24,26.852025057394645,64.23519055318769,6.270731504155038,84.55474873364204,pigeonpeas
30,51,34,22.80810034384543,53.76039989987404,7.2936492717647905,75.58073681453203,pigeonpeas
25,47,35,30.491557036002572,59.64687039181169,6.565141625911137,77.98842191954681,pigeonpeas
26,49,28,25.602801350448853,57.42222817492496,6.458181202817234,65.75473041926345,pigeonpeas
37,58,37,31.963471472658227,63.659790676308525,6.907369202734456,66.67140269052383,pigeonpeas
25,53,33,28.77160611208139,46.97787973032161,6.562526328186067,97.27376767529678,pigeonpeas
30,56,27,29.396142432985428,46.57659035515043,7.264209830258803,98.12703219350078,pigeonpeas
30,43,27,24.562839954451043,54.505806941913946,5.610609966481128,95.49782417672759,pigeonpeas
29,51,30,34.974777145525735,63.39298060512032,5.842655104017971,74.72789852458752,pigeonpeas
23,43,23,22.394496081454317,62.696356161464905,6.623421400784352,90.0002559396157,pigeonpeas
36,46,30,33.75357337536127,43.53181905950953,5.9567030893463055,95.94394965831012,pigeonpeas
30,48,36,25.937096461711885,49.53815520213501,7.379159148296804,75.35724411670105,pigeonpeas
38,54,22,31.34357668829498,54.48820986658569,7.386217782114185,95.26855447340586,pigeonpeas
21,53,29,30.1828867990372,63.99906983387653,6.910151296318377,86.95673085337515,pigeonpeas
25,40,32,23.33004533093523,53.11967262398078,7.352338257045789,97.78833048504023,pigeonpeas
20,53,21,20.39120181549238,52.02389687185507,6.110776792119227,90.41062429261078,pigeonpeas
33,52,36,30.66686317605826,44.87451404933299,7.173090647831492,67.90921086242437,pigeonpeas
23,50,26,23.272188731386613,64.59372486164035,5.880085866878097,97.09101379268195,pigeonpeas
23,48,39,20.810482951315848,56.82628946331,5.73675157604891,65.32933615524689,pigeonpeas
25,49,30,28.610968145779676,44.05858079913434,5.536174240175666,63.634653788393805,pigeonpeas
27,59,21,22.402210264656873,64.47451725662641,5.859341981716039,96.22579241520985,pigeonpeas
25,47,34,20.671765230664178,43.84861814449885,6.697539265008281,94.37615669466282,pigeonpeas
20,50,33,33.07449373006928,46.77134682777289,7.144343904810072,84.16214279471433,pigeonpeas
24,56,26,30.899381689842524,55.872630759821035,6.689712142112425,97.22179173101358,pigeonpeas
35,56,32,25.876206911408126,50.120732375132114,6.8776570419779475,84.68277263578678,pigeonpeas
39,43,24,29.288400073655225,43.449413234049615,7.061386323562599,60.73606315409849,pigeonpeas
20,43,33,26.22614244758772,40.22354887773134,6.735523178994748,87.18508331130316,pigeonpeas
34,47,26,22.687446416535543,42.743848678440045,6.855195886944241,63.36045647868638,pigeonpeas
37,42,37,22.323025605102558,46.78682390958416,7.222427901287321,71.93482004795801,pigeonpeas
28,41,37,20.856127016664967,42.485357377105935,5.961092765629876,85.66054607000464,pigeonpeas
28,56,22,30.6062076491244,57.37682996682784,5.658302297328252,63.53520197990937,pigeonpeas
34,49,36,22.825196892957486,54.79464931978597,6.892823706780594,84.61585481893354,pigeonpeas
31,41,24,23.150423892437612,62.6284062726377,6.63504195371517,75.49735575379131,pigeonpeas
37,59,30,20.188286897403177,63.68226791916166,6.8725110550351545,80.50483552179014,pigeonpeas
39,52,36,33.058653993668145,61.65667347627167,7.297433034249006,88.89863270129736,pigeonpeas
39,50,31,21.338823062774882,40.485337900428306,6.1070202113300285,97.1408035119267,pigeonpeas
32,57,27,24.407937058954353,43.8777779316,7.0583280842859875,72.18999659283061,pigeonpeas
30,55,31,34.1410124614511,44.177095663276916,7.204993447260388,73.07532926829424,pigeonpeas
29,54,20,23.735706607201244,59.742303739010964,7.083186167546042,72.16766674152369,pigeonpeas
25,51,33,26.83949392986345,52.42197599050199,6.051244257150069,75.474034127945,pigeonpeas
38,53,31,27.275688017541746,63.27685469805054,6.996638893138283,66.29863582108582,pigeonpeas
33,50,23,29.669268923179793,44.17674021543954,7.327238345809693,78.9433323967264,pigeonpeas
26,46,26,24.42803459522754,57.24559741684385,6.880360230157155,99.13418937475042,pigeonpeas
20,43,38,22.392083303816936,52.52316642530511,7.246823802268962,94.26277636803161,pigeonpeas
25,57,35,34.621389996979566,41.571001808088454,7.43601542423262,89.84047250367024,pigeonpeas
21,48,37,33.1017412613394,55.31742512620416,6.350637754173275,98.27149704457868,pigeonpeas
23,52,37,27.03834824825971,62.89087928758165,6.096692947741889,75.64869907591125,pigeonpeas
21,53,31,20.782378250605476,62.574931162108925,5.687361544989523,97.79775406939335,pigeonpeas
33,49,38,25.29488780372992,60.15648426231762,5.5796252434567695,85.81228463411875,pigeonpeas
15,38,11,34.13873122854781,53.5740875727833,6.788358223051055,68.5182430507204,mothbeans
22,30,11,32.02009634058368,59.63563833600624,7.480969697031654,63.79858344017732,mothbeans
13,23,21,28.191215035840145,42.893114914376405,6.348435355874328,64.35211966046532,mothbeans
18,23,17,32.583482067597075,47.045069538397954,5.805930514130488,40.833642119153296,mothbeans
11,29,21,25.17270947280606,41.3148361787438,7.181062901530847,45.319284336675565,mothbeans
18,28,24,30.88419124064556,45.30312258325865,5.564524037758,33.4953029750544,mothbeans
21,31,29,25.643179517777956,50.368795736061514,7.1637545942702365,56.317224388327844,mothbeans
11,38,25,32.834662665754195,42.720773318293,7.265697591424531,42.513436625992476,mothbeans
26,39,18,28.26243384962156,56.214607072846846,7.275961267770846,63.48514662988003,mothbeans
29,36,17,29.375486535162707,47.94064439687115,6.368881091007479,63.99704159753569,mothbeans
28,33,25,29.76968018318388,41.82538166316267,6.225076710923185,34.41429171781064,mothbeans
16,32,17,28.05939618064157,43.07228341625973,5.571560086391722,30.232805594926436,mothbeans
22,23,11,33.417686565483464,41.48632654159619,6.628600722093766,45.59950423935759,mothbeans
23,25,20,33.002474169780406,53.805775447635696,7.043604793544448,41.94782068898307,mothbeans
26,34,21,29.43828210200956,49.81102550026595,5.770519448144731,37.260657980926716,mothbeans
13,38,23,25.902919552964477,55.242142786889374,6.457124415290701,37.06760018548211,mothbeans
15,34,27,32.10410356472852,52.96786255713082,6.149964000395612,32.66248897715548,mothbeans
29,20,18,33.66743753012746,53.16891011875131,7.491752573842598,52.71422661409992,mothbeans
28,38,18,30.590437144943053,40.57382348003038,7.432955009999105,50.83040258636521,mothbeans
11,22,21,32.96584009363646,41.5148015421863,6.211801753766521,61.88213180669618,mothbeans
16,25,17,28.95868460315462,57.54745080418282,6.8600886389429325,64.90981626627146,mothbeans
29,21,18,31.105444326075045,46.92342295962814,6.623383825861923,44.74216264382294,mothbeans
28,37,19,31.61924715669332,57.530027249314124,6.147151921706038,51.561127465648966,mothbeans
25,30,16,25.772366701319022,51.48726017129909,6.746807286502204,54.87890512991833,mothbeans
11,38,18,25.44562189270966,56.03684143483777,6.666921642618904,58.85796536836736,mothbeans
25,37,13,29.190571127257435,51.83638199730785,7.030971431317479,39.87603376992318,mothbeans
21,31,13,30.002021273683006,43.962257108046785,7.381735092275505,49.41719924311899,mothbeans
23,32,22,31.17764628077595,57.18376766213452,5.696717419553369,48.5951538898595,mothbeans
19,24,28,34.04378445636644,46.95912264251741,6.944541133022988,50.36707971216136,mothbeans
14,32,28,32.38283398518006,41.819341297137406,7.179221737465177,33.48232347906275,mothbeans
29,39,22,26.74316082787119,53.207447812085476,7.25060568796697,44.36443180076073,mothbeans
20,34,16,29.29119498775149,51.787443529657494,7.244841875810418,63.39155453316149,mothbeans
24,26,18,27.9842014396497,41.575256451005565,6.106318164837982,32.03253794162305,mothbeans
21,26,27,34.20732301475377,54.6513055888412,5.89924571755509,35.45233464677548,mothbeans
25,28,15,29.823627590563998,44.46722981091194,6.930396455436342,49.59104510080015,mothbeans
25,31,25,25.554149502032608,56.566053837092454,6.786925016215166,63.74602596257917,mothbeans
29,35,13,33.43837513755361,53.42503509100536,6.220186554469685,55.54395734934796,mothbeans
10,39,22,28.17425932599843,41.81916357416054,6.6784581535881,53.29849897218223,mothbeans
15,34,12,26.460520062507424,49.14316661129999,6.362294622329765,39.05602215069132,mothbeans
15,36,20,30.68053481559985,46.26040787184359,5.822099515360292,64.7206138988696,mothbeans
20,30,16,30.38743163462151,49.47914915712907,6.64637585595918,51.515534844322985,mothbeans
27,32,17,28.668451008962876,47.67670874495742,5.590638454662179,55.85521988421073,mothbeans
16,34,29,32.203709266354494,52.980113721138494,7.181950702786784,58.08067124831871,mothbeans
11,27,13,33.394875664691696,59.41318357742398,5.9920136181213834,39.90337155255358,mothbeans
11,34,22,34.35276854247206,56.26024623051212,6.2014005789522315,49.158527379064864,mothbeans
13,39,17,31.58910581167282,40.88508546383541,5.6665635164446035,32.933324141832024,mothbeans
16,31,27,33.93514351594695,51.72948180587477,6.267632400713895,39.9335202263003,mothbeans
12,22,19,27.660449979769286,41.59271011162118,6.322672589514034,57.59172875334045,mothbeans
27,39,12,33.84560910528445,53.95918921199124,6.062094275937163,60.33511725485783,mothbeans
22,29,13,32.33880668307516,57.80090140924489,5.899741799417116,36.57886356921758,mothbeans
27,35,22,34.71656991757963,58.47385652302761,7.48363650217584,66.48539173229778,mothbeans
17,21,26,33.09153586824749,42.48079125452967,6.607237875165156,37.184348120035715,mothbeans
22,36,27,32.06916845204621,56.727305330611266,7.43907102552343,47.09410687348089,mothbeans
15,31,19,34.621329158621876,43.092487247577495,7.444075283507144,48.3454682819923,mothbeans
24,39,15,27.994911617590844,55.802852947697836,6.97596459228807,31.442041543118243,mothbeans
23,31,18,33.25599321487015,51.904469072719166,7.242263778898996,30.071224692751976,mothbeans
11,29,20,33.556245870534646,48.184584045416344,5.926953700351044,61.154444385829706,mothbeans
16,28,20,25.420773648227787,55.25375802812723,6.864387178718836,49.41537067005744,mothbeans
29,27,11,26.0599282245967,43.797171777172494,6.502826309029559,37.10296701664693,mothbeans
16,39,28,30.32510979025579,50.52599359919037,6.6172136059713145,33.79271009848351,mothbeans
26,21,13,32.35681206798085,55.88528536113535,5.999034246947331,36.528752296579505,mothbeans
16,20,28,34.82227387300428,45.422362944843414,5.659232656344534,42.3728790368235,mothbeans
29,39,17,25.532589311450103,52.7009998110197,6.184155746111511,48.262973500667,mothbeans
23,25,13,29.406656971270877,59.05901874692366,5.506296736666094,66.3429953327832,mothbeans
11,29,21,27.176898454678536,44.79469763765953,6.314823105073195,42.26505288482763,mothbeans
20,35,15,25.104514314468204,41.24087354886421,7.207869503395448,49.42442026002561,mothbeans
19,35,17,32.255909783076376,56.722746654311266,5.5002739759636095,40.65094961209347,mothbeans
28,31,24,29.829694876262167,56.45217934475187,6.333700856826742,41.17854769651503,mothbeans
23,24,11,31.850659806131794,51.329547195391086,6.665922625208326,33.703171378574,mothbeans
13,32,14,33.09493417845458,56.3917439547843,6.010433818911451,51.2993831869812,mothbeans
11,29,15,26.47657782599332,54.908255856783114,5.839676805629235,60.647559820062085,mothbeans
15,29,25,34.00464580665475,45.171811421542905,5.6715874267532,68.61274668441581,mothbeans
24,27,24,29.58795413865207,53.95545078425433,6.9728104597788025,34.90035168337637,mothbeans
18,29,14,30.93099250233542,51.164347253694196,7.2964997502715665,68.99938720455393,mothbeans
14,22,17,25.853898032045215,47.808930701541755,5.969207548452371,48.95187531970683,mothbeans
11,23,14,29.385026102024458,53.229957968397734,5.6537828229696,62.17503890480718,mothbeans
28,30,25,28.07991994134352,48.75475601821126,7.040560754666269,55.71473085486443,mothbeans
24,33,23,30.21216665648457,47.00260726862459,5.727914616689624,33.69073164401117,mothbeans
28,27,27,30.295745198929257,50.99000446088043,5.842591493534409,55.69172659745519,mothbeans
12,38,13,28.219333676105794,55.27565806283861,6.594500782169658,37.728614115886245,mothbeans
13,32,26,30.400769603365816,49.47771626126085,5.790564174634453,31.52595753968829,mothbeans
13,36,13,28.644080129517732,44.86834605286308,5.997872233853528,59.54707427596476,mothbeans
21,21,11,33.827646677953766,47.80733079724715,5.671394397202254,45.4088010640768,mothbeans
10,39,28,28.9869288932462,40.39460057252506,6.251513598388116,64.3595294442663,mothbeans
24,21,26,27.895633792105865,42.548185672631796,7.110047827563105,66.99498747756691,mothbeans
24,38,18,32.56250391461989,47.508885518979525,5.8580338573932,47.223598936580075,mothbeans
23,25,27,26.783672163607893,48.168238496563056,7.419863970105885,61.02257985847788,mothbeans
17,20,14,28.01921298690739,41.50563157531339,6.728948545778205,30.982693059190677,mothbeans
22,39,11,34.16695049025393,57.53615266724716,6.117643211997242,40.594896274530235,mothbeans
13,33,18,30.053342919138974,45.70633125819378,5.634705000170482,58.80188972556212,mothbeans
13,23,21,33.72210718658066,58.13462260947608,5.903098542387357,59.07830363963937,mothbeans
23,26,26,26.98349711037541,45.81156002646,5.609100040420641,63.64652634180627,mothbeans
14,26,18,30.453477190521234,46.84770579584265,6.323579597665222,63.246953621225764,mothbeans
21,29,10,28.460003116402717,59.38853345677468,7.349655233967405,42.12878023133378,mothbeans
19,26,29,30.229271425158814,40.38452980744934,5.92717727991205,40.62249307008803,mothbeans
23,32,24,32.95562226928331,47.29015379648066,6.175506198329656,47.18974012059483,mothbeans
13,30,28,33.53824811302182,50.4567597055146,7.007208355323648,43.916849551422466,mothbeans
28,39,10,28.322965702479728,42.381775948379364,6.566873590296399,63.063474671033,mothbeans
12,39,16,32.86621151285885,45.662961820388574,6.710467867253097,67.09516558350407,mothbeans
16,22,26,26.904392609728315,43.42193986465758,5.562528908513171,57.5922721593658,mothbeans
17,34,20,25.48687035384605,69.15581537393534,5.965215463721398,69.71684375536292,mungbean
25,40,28,30.13043307387546,71.5888969213819,7.43902104615196,55.92947922238053,mungbean
28,31,12,32.8432848680702,67.55376862199415,5.6478619918660025,71.19481521872595,mungbean
19,47,11,25.76340733878746,79.28094669641831,5.64213600911247,59.405576120034425,mungbean
10,32,22,30.516848126119072,62.67648643219307,5.601142254479953,56.73370418258913,mungbean
13,42,26,33.525448792424896,76.06393776933987,6.8945801217596525,80.84237905583383,mungbean
22,40,20,32.5804016694101,72.01343766181803,6.044808088482366,61.45533763381363,mungbean
11,33,11,25.03223346302205,65.2120743714558,6.155367529611332,69.35557746830924,mungbean
27,39,13,25.82456633464117,65.40612849496894,5.870326195812089,70.16507341189231,mungbean
11,43,13,25.18357006687066,64.31339578870549,7.259858406985974,66.59248648410443,mungbean
18,30,10,32.8759005759633,76.0358950668143,5.609315944513156,71.75327105406585,mungbean
14,30,13,30.971549483600228,70.56609338860795,7.458317985027254,55.369909248230684,mungbean
29,40,14,32.33713254327111,62.221941823431436,5.873535522717261,66.46743162753161,mungbean
25,47,29,27.507700540831813,65.29058948524055,6.264070988545521,85.92482226994339,mungbean
21,34,11,34.48064297739148,66.66972673671827,5.982678326990579,61.76493862492187,mungbean
11,39,25,27.385318267660814,63.49019170652649,6.5045977335262695,65.26246565125601,mungbean
21,47,10,33.12065054816856,75.38030486534201,6.211266717497068,63.568050085573965,mungbean
21,36,19,25.405087346890575,64.49589420780515,6.408879559596918,79.78671211553814,mungbean
25,37,29,28.53868146781295,66.13000221001458,6.188807873403564,66.07659919801864,mungbean
23,38,17,34.13815267799454,61.2420184645364,6.2326759085192345,71.50830026616923,mungbean
18,33,20,25.617524154474403,70.80625708091577,5.7472439025176225,65.35800527711058,mungbean
29,46,24,32.57243815879111,73.2965855800318,6.391374686434666,50.2352225340161,mungbean
22,48,21,33.02858003659246,61.47052207003204,7.127373081132411,87.1448090772758,mungbean
17,39,12,30.827850186364685,74.84923994811743,7.050386319304238,78.13429681494758,mungbean
23,40,24,31.69150551594958,76.06403978622141,6.972936235495622,59.556594617199224,mungbean
16,41,29,33.89530392758685,76.68667566752505,7.13827897448221,71.61763524497181,mungbean
27,33,18,25.222399241632957,67.99705209613731,6.792141094348987,78.75472077981074,mungbean
16,31,23,30.177058012435996,68.07256941351943,6.741521997656426,54.415862703056575,mungbean
26,39,21,28.723393596072082,68.3533650141233,6.284141908216888,53.654106758898266,mungbean
16,42,24,34.21876497597198,67.89099608099689,7.0653703889178665,76.88599037874924,mungbean
11,35,19,31.35331548371216,66.35853392943424,6.480340912411817,57.47754693643397,mungbean
18,46,17,27.21855258850085,75.30030907887101,6.321933495424327,69.97706868228025,mungbean
28,30,21,33.96469771851424,68.74146121951034,6.188962086288919,78.20814669569864,mungbean
24,49,15,31.496723314137043,77.32957363348453,6.311876095482648,77.9551931921383,mungbean
19,30,14,26.697345427996183,72.44342012656784,5.673651803446733,72.64585576500252,mungbean
19,37,13,28.9533860689254,74.8535992893765,6.2486766638251705,77.99647913677654,mungbean
28,30,13,33.99613371143272,79.10638343892353,5.69353788712363,89.7480767140889,mungbean
25,43,14,27.695393306119115,65.90925648115461,6.893463116887457,78.23902154861878,mungbean
22,48,23,33.37711150628882,70.8837938168553,6.3604955668132,68.586064780504,mungbean
22,45,19,33.076031559246395,73.22666976277196,5.649554788715822,70.13839187999656,mungbean
29,42,24,26.60182814218659,65.80421305339468,6.369202716139072,81.64888377903843,mungbean
13,49,19,29.350610766028016,68.95304400533227,5.943826351711414,52.51762598648994,mungbean
28,31,25,29.53595453518685,69.98097544605932,5.764659483119884,88.95826226564499,mungbean
18,39,16,30.00397941303263,73.18641525836209,7.32156932346354,52.161145770497114,mungbean
27,48,17,34.93176675372161,72.07501209897487,6.3345911733567615,83.95541911259583,mungbean
18,37,11,29.69618868571237,76.46575006929903,7.15236696278637,58.48191517027558,mungbean
22,41,19,29.81515886540762,60.99645082758137,6.124191833442135,54.671691726594105,mungbean
20,39,23,29.61450447878245,72.22385181904211,7.245087607815542,83.72695104778936,mungbean
28,34,18,30.38583900629852,70.04827887014319,6.427784054875038,59.587399548464504,mungbean
10,31,26,28.205181871280463,77.95242278950165,6.935998970857133,59.3002214148481,mungbean
15,43,27,30.468204048880466,73.93274808384226,7.443105794009565,76.47991828132098,mungbean
28,45,22,29.282386329253526,74.37176316133765,5.85259256960069,55.78972218957865,mungbean
21,47,25,32.87944677568899,71.36550890432488,5.573248153276272,66.62183708251953,mungbean
28,33,21,33.62660757926524,75.6506502569514,7.4476119173562445,55.268292943706655,mungbean
17,45,14,26.984806604279164,65.83675571101837,7.347402611907879,85.08007421654082,mungbean
17,38,26,33.05926831094671,62.43809569487261,7.34426345604667,51.240202063631884,mungbean
27,32,24,25.413945570072507,75.2258941352949,7.309679136908368,84.28096835515592,mungbean
22,43,21,26.687530326699374,77.99197050840112,6.345744630640127,58.21998556492147,mungbean
16,48,29,33.05782502650696,66.19451503614474,5.503435393175916,83.03234089104059,mungbean
18,42,13,32.05463607528639,77.25152391180431,5.8338440555831435,86.61234031563205,mungbean
15,35,11,34.91885045262731,78.43938378328475,6.311486271606844,53.22597998289611,mungbean
10,45,27,29.403239471402728,72.90320748846504,6.3272981609431875,51.44449447780768,mungbean
29,42,11,27.229175349779773,75.52804653529196,6.758385536238471,89.73736266467681,mungbean
28,45,16,29.733403919556977,73.71389404558454,5.695295184929503,89.18743903495286,mungbean
19,46,14,30.32664352022127,68.35196664046502,5.806552293999712,59.52613470510436,mungbean
16,42,16,27.098023279928388,69.94188207212447,6.6299791737389295,68.99054385655305,mungbean
25,46,20,28.510980337587064,62.550546320911,7.124418313323097,87.23726419197463,mungbean
22,47,25,30.39276295507512,65.39087566432195,6.03436834004985,63.54751564961883,mungbean
12,31,12,33.86120385496524,71.74669093773241,7.0124333160415615,75.25451340700576,mungbean
18,36,15,25.9097620366567,78.3600919489002,5.613109085966567,62.23876123032619,mungbean
15,45,20,27.97477547357957,65.54628218154238,5.983168267782814,77.9096490488165,mungbean
24,31,13,28.24530195099584,70.90134152611148,5.978863058344921,71.1028694538864,mungbean
28,45,12,27.503448620089337,64.09469259675416,7.18779485582635,56.631858668235594,mungbean
19,49,19,34.31591107960021,76.94966364339933,7.033452252038329,51.864200677632276,mungbean
16,46,23,26.033214440780814,77.95184000788025,5.689895451295881,73.64868247269995,mungbean
27,30,26,28.245480847976758,76.83832153991631,6.785255980351736,73.51286965414279,mungbean
11,47,14,25.571077827583046,77.0452601884429,7.060534020892813,89.6166442496505,mungbean
11,31,17,34.65732915613567,62.66365236794523,6.037543509525,89.96914279390515,mungbean
21,34,13,34.326186456543766,70.66696274451205,6.387236024034221,65.45581740901949,mungbean
17,42,12,31.64309706205564,62.374837829564186,6.560895317526734,83.45160477189847,mungbean
22,40,27,27.809581490155548,77.14584353339575,6.107694967409209,61.389475096358325,mungbean
22,47,18,29.66187591026761,66.73304934107031,7.101574970431606,64.91982072511267,mungbean
22,47,27,26.11627937338275,78.47895829132479,7.402469572150208,66.43510058098836,mungbean
17,34,29,31.70316598616887,66.90061027737369,6.5241870299463205,57.457875356796016,mungbean
25,42,23,25.663166844604138,74.63772530343206,5.932755135524891,76.17190907495583,mungbean
13,39,20,33.37937315288739,66.05587283591088,7.293238671377261,58.437793929847544,mungbean
19,38,24,31.124127736637238,67.4254317296889,6.4222106219501764,77.92324493731283,mungbean
21,45,23,30.51884942650253,62.54705875160432,5.555514868283879,53.30841946848176,mungbean
23,41,11,30.275239738063405,69.2453043370514,6.7562139117015265,56.11588762909517,mungbean
16,33,20,33.886169927834295,69.72394713714328,6.93302335913416,54.87548562572452,mungbean
24,45,26,27.50859143092866,62.53521170850825,6.701401939639315,87.40652399191518,mungbean
16,46,15,25.91665003016679,72.22539297149295,6.868832707110254,64.55507722433758,mungbean
28,36,15,34.986597217470425,71.16273658099432,7.2366213883069195,75.82459633400643,mungbean
10,34,26,29.61475750210826,65.12377256133163,7.064875983895981,74.1775462286139,mungbean
24,44,18,32.1365251285181,63.5406487733578,6.665055832155116,71.05113068694537,mungbean
22,35,23,32.9361528630583,61.76505261763546,6.1964222684738335,77.739809812841,mungbean
23,39,26,30.164117243258794,69.44286466752966,7.192862791920767,72.54008680948117,mungbean
10,33,14,29.33751161669281,66.44964733148923,7.469426526332779,76.05314289553537,mungbean
16,44,29,26.823172388508933,69.51496810126585,5.81549925153851,55.3614557130127,mungbean
20,33,29,27.506645013870575,76.90699506671064,7.326871426487628,67.00350012240922,mungbean
36,40,37,32.24353496012202,64.07595743694178,7.2192924824125235,75.88815186656633,blackgram
35,58,27,30.072374064035376,76.87374686083643,7.317577675549277,69.25010382722766,blackgram
30,43,31,29.41011390066921,62.300032963415674,6.930648809014472,85.52206988661942,blackgram
34,44,30,28.632941051324377,66.493565219648,5.832082413617789,72.77529368573074,blackgram
24,55,25,31.143392791242043,75.71551709226331,6.9917710365709596,89.88407945495352,blackgram
29,49,28,27.55412704249518,76.02985981774341,5.890226208794759,86.58825851242698,blackgram
30,45,31,29.653406416659138,70.14918849406936,6.0926834641102,60.61552770779266,blackgram
30,48,21,25.054630729451116,70.81875189346336,6.938061227931254,76.81479581516008,blackgram
28,41,33,27.01079257303369,68.15480399764576,6.728404788180598,71.68822446867806,blackgram
36,54,27,26.41281779046793,60.46791779312816,5.831099104590636,63.61075989170033,blackgram
30,48,33,30.91550840786867,61.50618211706671,6.782498637754414,63.531577282908636,blackgram
34,59,35,26.78389141348798,67.65299691695975,7.240070003501835,73.59264943885202,blackgram
33,44,26,27.928808942501334,79.07926634570728,6.67782087544769,61.91697202666854,blackgram
26,41,23,33.922010738800395,62.78088068022722,7.203789921378662,60.64224530985463,blackgram
24,52,24,25.48040093897314,77.26057516198705,6.875107500043947,70.95470187061667,blackgram
38,42,20,27.243638011306118,64.18238312889387,6.4146275339564935,75.36607767123292,blackgram
22,56,38,34.07163284854295,75.32414142801349,7.309986819229853,63.59759021173353,blackgram
39,50,31,33.43585389453375,68.20150347758761,6.899028698203895,61.32632306524239,blackgram
25,55,35,25.430844605830313,65.03809859838368,7.257513868840755,73.18252493782231,blackgram
25,59,31,34.57039826006651,77.25404641256056,5.942396265071029,63.58710185318446,blackgram
26,55,33,27.66642470189657,66.66224790161246,5.559862090715446,75.14114871838599,blackgram
26,56,20,33.33979901736978,72.22103716360144,7.232589017182095,88.06416885507045,blackgram
31,45,24,26.563837541713085,72.3348973521505,7.114581016932731,66.71236717950138,blackgram
21,58,31,27.947458673727628,64.67761571536006,7.237116049620928,81.00098763581556,blackgram
31,42,21,28.80529776238755,74.864058343923,6.944806886393196,64.77092100835796,blackgram
22,59,34,27.44092833972728,62.30163577249501,6.3380767237484665,79.44653326767772,blackgram
31,52,24,29.601593320037455,70.94735492353881,7.316739977954705,84.51807847024253,blackgram
31,46,39,27.926305690902787,72.81896885954824,6.68689803294817,85.96414109930336,blackgram
35,47,24,33.602168979989806,72.8315462181171,5.5174758779995585,71.60803322305118,blackgram
23,44,36,28.961586578426004,78.50605949604983,7.217442221906646,86.00967048063188,blackgram
32,48,23,25.706891569900666,63.138947537349935,6.839416272324884,75.93872020044552,blackgram
27,49,32,31.04339449853819,67.81968251510293,6.5840169751144995,71.6663903100783,blackgram
38,41,23,31.281596629963907,61.939144180314344,6.005537813172656,83.62998125369248,blackgram
22,41,27,26.172494053990196,73.20256939324142,7.486023367842476,78.68922365744834,blackgram
37,42,33,33.790543501679196,63.912575545994365,7.254857169933158,76.13312921370645,blackgram
23,42,27,34.87654442517993,68.88388858752315,6.842455470089268,88.9757300273972,blackgram
30,55,31,29.607088146737993,62.75349274327625,5.72571169749714,74.06939502333037,blackgram
35,56,31,30.73501709521607,72.73913791713403,6.980014556377184,62.03215796614701,blackgram
33,55,37,26.58714820401846,63.40679896933785,5.504216171045513,88.49754529251713,blackgram
29,47,35,34.28275510616295,79.78322593119134,7.003272424932695,73.71551582091944,blackgram
38,57,20,26.359891923755594,71.24742325015761,6.204179582563331,80.59259170294952,blackgram
28,58,33,31.46323282338846,64.68376423388574,5.968566587262819,61.12934807919921,blackgram
29,52,35,27.682749819443064,72.126910487525,6.477604716228553,77.85092488304882,blackgram
34,40,32,28.3142510184283,66.22811142784381,6.7577874567816405,82.46883589613967,blackgram
33,47,27,28.70357247269478,67.89042162280717,7.18646031753974,72.86005381733924,blackgram
25,58,31,25.43311244218043,69.54963321328678,5.858094086043485,70.79981671520413,blackgram
38,57,21,32.990116575465585,67.05879598219785,5.56018466099439,66.0516977384229,blackgram
20,51,26,25.7767489875065,79.36583351229103,6.911880326149634,72.79708362235297,blackgram
21,49,26,31.738864032699638,60.03163425601642,5.990639403490934,79.12571765214201,blackgram
35,54,28,33.74614834975991,63.60104294017527,7.402368147123869,81.29609247806135,blackgram
31,50,35,26.166794767817805,75.17869641080145,6.662579190301823,81.15813700850211,blackgram
33,49,21,32.87414877690116,78.20958535387189,7.120769883043751,68.36368876947219,blackgram
24,50,39,26.542646642975793,76.75505486880184,5.760295733037843,66.46959060682195,blackgram
35,43,33,32.540005243178086,61.4024825505527,6.087122701350633,76.9591713551947,blackgram
35,47,39,31.802922344940008,69.33516502530406,6.617736283773191,89.20928755429601,blackgram
36,46,38,34.48781735427184,73.50172105305249,6.908064056060085,68.94874372331253,blackgram
30,41,36,25.630370767938487,65.18083812123875,6.628714767853827,74.73046367276339,blackgram
26,44,24,27.66665512595766,65.05904439597442,6.495117312327688,70.65943647055924,blackgram
34,47,39,34.32497742131466,61.07843489212867,5.736596674953918,88.9489462849426,blackgram
27,55,35,33.713943498272386,63.357716584849754,7.180346290757015,88.17605743635447,blackgram
31,46,23,33.15563372037242,63.10492966318303,6.001014429650252,60.03093043678049,blackgram
38,41,31,27.773927428198295,79.92637304544161,5.5775611053892895,70.7904663837925,blackgram
32,55,34,30.876288711675237,65.31326387580916,5.8160058661763445,78.32503891299542,blackgram
21,53,21,33.231133964866785,78.24624574996692,6.3196382349786955,80.38988264059464,blackgram
36,51,27,27.83435201840019,69.93154043680458,6.927383369318444,88.95333362645115,blackgram
38,55,37,34.76978422925549,67.38541837359679,7.014027955531305,81.07748955114953,blackgram
23,53,32,29.87703459585507,70.59658972554969,7.384629118760175,84.33836927466837,blackgram
35,41,24,26.321743056129232,62.41331112574153,6.261538732714717,87.9938814743352,blackgram
35,41,28,28.907952155308784,69.82661993755109,5.768973332082604,77.69750102880207,blackgram
29,44,21,29.433298813700162,76.4346912446833,6.56423395336642,84.52094085223783,blackgram
25,57,29,33.91574114556019,65.20888763422468,7.1335432387591275,60.54309598301923,blackgram
38,54,21,31.276388282392723,77.2283576217213,6.5751159673850355,64.98401817226626,blackgram
20,53,23,27.748444641863216,75.65351184122277,7.498218527655773,84.77446966032448,blackgram
37,50,25,33.524548952972275,77.78019712452405,5.835497523622294,63.646236060768125,blackgram
27,45,36,31.905010942881248,71.36353242800075,6.657136680826375,80.09862455377143,blackgram
30,57,30,30.691910422615198,72.75324222326338,7.109939846802039,67.7902348434831,blackgram
34,48,26,26.97542578271799,60.800049211381925,6.887840172809875,64.81209327602075,blackgram
31,47,21,34.16129431490626,74.59807751289779,6.144300710359625,65.50530714659811,blackgram
23,54,37,34.58274754639909,70.52468573340094,6.303910143497819,61.34721622349972,blackgram
23,58,28,27.12396164556871,78.2519768632297,6.762358142492402,73.929347743115,blackgram
33,45,30,29.38739892978395,76.04436848272353,6.302405367861009,65.66824980619141,blackgram
35,46,36,26.52849096515432,75.7512827740064,6.200335192096952,82.20356088877693,blackgram
25,47,26,25.462961171646377,74.01690059171398,5.6036855099094565,73.59390147736941,blackgram
35,45,32,33.45745534833774,77.9827214223559,5.619880313597769,88.2353872024875,blackgram
22,47,22,31.7613527659756,64.38314627635958,5.77945196592052,69.9707072455411,blackgram
29,56,22,30.854253431499792,69.75898187683892,6.908190572443862,67.35573047246446,blackgram
38,50,35,31.68778519943662,63.425723273117306,7.413910075734855,87.97741424773804,blackgram
21,53,39,27.366850236812915,74.21123273873995,6.457260575079793,86.99644965550958,blackgram
31,56,29,28.739635851049297,69.79439866688728,6.722018442192736,86.41759418262843,blackgram
23,48,29,32.70198347143715,64.93343971741885,6.229830147280394,75.71464699713454,blackgram
39,47,37,33.518834039884574,61.40862827502646,7.383660971467889,65.02910292554951,blackgram
22,59,35,29.924673264686106,77.50312553685423,5.571978021200682,61.45940604312592,blackgram
39,43,33,30.231809528103003,76.16251949153974,7.199020089024055,61.828122251732296,blackgram
31,53,32,27.233989731414336,63.52389200208837,6.791865634774149,72.11457751625215,blackgram
31,53,28,34.032495650422305,78.04090080773105,6.209290834765887,75.13496861635063,blackgram
33,51,29,30.67950664181566,69.4141468298737,6.425507298114457,81.94454614549178,blackgram
22,59,27,32.29143489593184,77.18146980246098,6.483583046778398,73.37499740931075,blackgram
21,54,38,29.54675666442853,60.87120033698323,5.672836970100604,77.55320608715625,blackgram
23,53,36,26.144834076430467,75.94363221602038,5.679857523479923,64.25748823576001,blackgram
32,57,27,25.909442920009322,62.06720737017846,5.5062191812619785,65.66172712625367,blackgram
16,32,18,22.501415844988976,61.94469785235097,7.0888214473541495,77.33226472348746,lentil
19,49,27,22.68961899468613,51.98826343095292,6.710560056930302,64.27636871599934,lentil
19,44,25,24.090629627218252,55.91976821735907,7.426008132466627,42.54372088315266,lentil
10,36,11,17.686130806123018,59.69598880193752,7.369540807938373,72.93983935999557,lentil
18,45,28,23.743508548386195,58.90431440534218,6.543564325305375,55.72317632051374,lentil
28,35,10,17.808364786944285,53.61372822919601,6.600897752190578,70.83304135361456,lentil
23,43,17,15.407612683345798,55.98569270226656,7.481055332073189,63.86450663855925,lentil
23,31,10,18.24581445449486,53.38195947861004,5.8584865269230235,46.36144900301637,lentil
25,46,18,20.210911457210045,65.21246714904998,6.541731240734741,50.43431191536695,lentil
24,49,16,24.488912729394315,59.70139017891711,5.89013178846526,51.742777594049315,lentil
11,34,26,18.09329804982701,55.10827011163642,6.371476000631644,79.86382856386265,lentil
22,30,19,16.937991737347858,67.77038251697107,6.55894053486555,64.01615260242752,lentil
24,33,24,15.441628306953191,65.31395636026895,7.076754229252211,59.36612367515339,lentil
10,48,28,17.007409932285782,68.71972862786686,6.24604220098392,57.646558784982034,lentil
29,42,24,22.300352113399086,67.81574865656361,6.644691909655482,65.33035342970052,lentil
13,35,27,22.078204455662988,50.306401045282094,7.424045562146624,46.185728751039164,lentil
25,43,28,16.53519088763976,63.45378504168834,6.014271860410137,53.83059599695491,lentil
27,30,23,19.295612529787228,62.87356720862281,6.7805666049742905,75.85073628046416,lentil
13,45,26,20.87320547172085,55.42747310948247,7.031223136730822,49.01534171305997,lentil
20,39,13,18.030189927464164,61.372903382629936,7.06819210256059,70.54122532577549,lentil
19,37,27,24.368856412521616,54.52898968937782,6.754871460464792,60.097098606516056,lentil
29,39,22,24.58561037201948,52.41275444836333,6.1666292237678455,58.20122221317539,lentil
20,30,11,20.397782437570022,66.97730681439907,7.110514135928191,54.24937416468141,lentil
23,48,17,15.49394435033463,50.03901892825212,6.276829180427167,64.40144601605365,lentil
27,44,13,20.732051237794188,50.94836507954404,6.686784877249045,65.13347011720197,lentil
24,30,19,18.206675478323,57.98898629084035,5.791384034426858,73.39968140022788,lentil
15,35,17,15.330456842249589,57.857399461931095,5.66488638325154,56.377139086994106,lentil
28,49,17,20.313859847300343,60.58366454752755,5.71226672515605,53.52098083493106,lentil
23,40,19,18.539346106116717,63.32567456824481,6.262006801143424,74.59455719528269,lentil
22,38,11,22.87726686121642,69.20249691333333,6.781604885610959,45.22455628382382,lentil
10,46,14,19.319053560604008,50.33031244076018,6.71176600788616,65.77797666370688,lentil
19,49,21,15.690297834797688,52.45826575450975,7.330420986352157,76.42937503540159,lentil
29,43,25,15.986880177325645,59.562084286072945,6.2477648476334195,78.32799065998049,lentil
14,32,15,17.818932345125678,50.992098389371264,5.634754767204694,44.48648142715717,lentil
28,32,12,15.181648031264658,60.084302674698144,6.718509152376819,76.69431428112932,lentil
25,33,21,15.641921481859011,61.6707132997396,5.507999753151175,45.02690923049313,lentil
11,37,27,20.414453524095048,50.05899858536538,6.919334639247266,48.04145741360898,lentil
19,38,18,21.80714190654388,64.13066622121082,6.728061880213792,70.30442114176056,lentil
13,30,19,17.75301922932527,57.20060532265839,6.454391359969957,65.1017216228183,lentil
14,37,10,24.66332033494954,62.39701247163069,5.804360426925802,46.3238227054937,lentil
22,45,21,17.680085219386857,52.764187716137215,7.361952714957383,54.865187174630854,lentil
18,30,29,24.98999950686982,64.24021467718954,7.016781978584377,72.42267776565771,lentil
22,44,28,22.269447303677662,51.49599735464989,6.872501452858399,41.346127253569364,lentil
20,33,16,22.387602545027317,53.28712015579762,6.03152490486927,66.60178946222896,lentil
12,32,14,23.084129448857873,61.37996519488519,6.34574623784985,70.21096342530915,lentil
13,34,10,15.053725526684591,59.30506643077856,6.59960633818323,47.92412043300949,lentil
23,40,22,17.554576932475335,62.546327477103674,5.5947843952846625,42.16768284072084,lentil
10,39,28,22.102956073328038,57.09825588021931,6.431193166432534,46.82397953429912,lentil
28,45,16,15.200683909395453,66.64915877549561,6.491449148476141,65.88198555637682,lentil
15,36,12,18.86711967312223,51.681501511711446,7.195474638281527,65.38103885465314,lentil
11,43,25,21.88814192144644,69.96485207646288,7.419830462273936,69.9774345509184,lentil
14,33,28,24.32493296658619,68.54224702346701,5.920971163599872,61.617378195819654,lentil
21,34,22,19.836011349923332,60.76665319170349,5.559569780468603,43.70247484408655,lentil
22,42,29,24.047091663491912,50.501538420118614,7.034184919835795,63.9347055439337,lentil
29,44,25,16.879896310330164,52.975318041822945,5.529334580974442,73.00791149275068,lentil
29,45,10,16.345000055197612,63.79903883462771,7.430664416894739,41.69961438200845,lentil
16,40,15,15.001039457339328,69.23859174465443,6.672773418222105,58.77343344381286,lentil
28,42,14,16.27516135331944,52.253008543372495,7.217373587967068,54.19670409662265,lentil
11,45,20,23.411073002520173,61.04153200517764,6.378562683115225,75.31550626459043,lentil
23,49,29,18.034047839639506,62.639837760777226,6.761951577471667,41.85963544336744,lentil
13,34,16,17.691758112657748,60.41192165950034,7.325441115172229,71.7862297551678,lentil
13,38,18,19.549353019542533,53.19630233499813,6.2947324465052885,57.675800762439465,lentil
25,30,23,24.01450869970359,57.662416456278194,6.025245149685857,50.367730294907616,lentil
11,47,21,21.8548974272898,58.73705527062016,6.847791825400378,73.17839384236618,lentil
12,42,27,21.484305474462953,53.78599951105253,7.179413385485487,68.3073685822917,lentil
24,33,12,18.196205630105187,54.05705999297693,6.682324903925522,40.09324095036396,lentil
14,38,23,23.161133338258324,58.315968698360756,6.254610089456547,51.60331820107366,lentil
21,33,22,15.894039788321386,69.66877056824781,6.076797097017134,47.33467342420609,lentil
21,30,12,23.92831095242495,52.34652783155968,5.55871227882604,64.8060135697463,lentil
17,34,26,20.677492050188093,60.61758609586665,7.2209113102885825,43.85431816196022,lentil
13,47,10,21.89103243474431,66.66342706772436,7.025154431516333,70.7510510011761,lentil
11,43,17,20.660498387067094,57.85761181658494,6.864618407449633,49.907529799190954,lentil
20,40,24,21.53698435406855,51.78534575821772,5.840278982129956,49.792285159565424,lentil
11,47,17,18.937970346531564,69.43992921777688,5.713044954875003,67.98060854813905,lentil
21,39,14,17.254715543501003,62.090993781099044,6.296688135919216,68.46968176390018,lentil
29,47,27,19.0921646373252,60.21176315204512,5.974004901966139,61.40945480374711,lentil
16,30,29,23.951789668757826,51.48316477791787,7.2597461767827385,42.10952011966715,lentil
13,30,12,16.292916924405223,59.652946752431404,5.581807508848556,58.071059800121674,lentil
16,35,13,22.30950870122348,60.58378620019306,6.824839245811985,57.845865775812086,lentil
17,47,19,15.77551159026773,54.92848147204615,5.952942553659913,45.82517981491495,lentil
13,46,22,16.99345496410561,50.256056316846944,6.467098193117051,69.25976699820704,lentil
15,32,10,20.639583697647414,59.17194495327404,6.795481860324773,77.88590207937861,lentil
10,31,21,20.60514388552544,67.96515093284266,5.814917301093706,54.61204269815211,lentil
29,47,17,15.545066381577419,65.01537919033004,5.537389238339301,63.795328331656705,lentil
23,34,12,24.736976711736705,56.114408428720154,6.488804958079808,54.55453971061623,lentil
10,40,23,22.759564885094676,67.12597959880753,7.35650410583883,64.31520390764031,lentil
21,38,14,18.10033793787243,57.853887151960336,6.964419330288214,77.54842101992196,lentil
28,32,11,15.833358049727334,61.583017319427725,7.414646474725534,60.075761292567215,lentil
12,31,26,23.82082656881654,54.66436891751815,6.9111723733011665,57.6422421212749,lentil
29,32,10,21.57516559464736,54.235734367284984,6.74570508416352,41.440549121286416,lentil
27,47,21,15.474017225587014,53.193848029369036,6.867314040608383,73.00860106435007,lentil
18,40,28,20.03821548126821,57.21221759261269,6.384483921460818,54.104101646687155,lentil
25,46,24,19.92982694818123,69.95883124635675,6.34990778016134,41.549272834847216,lentil
27,30,11,23.894572243684834,69.04759609809481,5.78138466597316,67.07502556591679,lentil
11,47,19,24.4358692480423,53.70747288564479,5.52014434052394,63.6299966585444,lentil
27,47,15,17.026280263525535,58.29551423994552,5.979637701845869,48.49388720666917,lentil
24,42,27,15.751852661909066,67.95575016032936,6.491245293722424,52.43233670781875,lentil
25,40,16,20.49199529995437,54.18318597221585,7.214946403428103,75.33778864150119,lentil
18,47,26,19.388286948180365,57.069201002082806,6.922253624817722,65.94459872138131,lentil
20,35,17,19.262083189312975,66.45524042461206,6.9240133184127,72.5964745894347,lentil
51,31,41,19.867459883864637,32.034170259516394,7.448940739040534,50.25954162747417,pomegranate
65,35,55,21.71538432449247,44.40044478049822,7.0753283926116595,58.78260662315212,pomegranate
63,39,58,28.16394419937308,42.45345178275306,7.282470445419216,49.47726178540201,pomegranate
41,22,53,18.022310249344645,35.55952602764005,6.681303430857724,63.661055655481974,pomegranate
59,29,44,33.17294211672448,34.4079847028886,6.856980499535001,66.45204935962892,pomegranate
45,26,57,30.529814621279595,46.87324610880436,6.944951969015372,63.750923472313374,pomegranate
58,37,58,16.887245793491523,35.02467597911962,7.180797061688867,62.28526791533171,pomegranate
69,24,41,26.26452463238592,43.514528476383965,6.7385107488284355,55.93549636885942,pomegranate
44,34,45,20.923216214040412,40.20578385415329,7.166076780609443,44.45668992941246,pomegranate
67,33,59,27.13056815534464,43.88475824231455,7.394707101809569,44.681949588956606,pomegranate
57,29,49,31.379639899759844,36.55880004587672,6.669690934915991,41.62107227694259,pomegranate
54,30,51,25.0293034594143,38.37495983340011,6.948367815071773,64.88495109310104,pomegranate
40,34,50,34.41926465342631,30.672705934002767,6.721405369626163,50.68767210992889,pomegranate
55,28,53,17.54582790671398,47.72804631688442,7.423362256405438,58.30822271296998,pomegranate
66,34,50,16.321057110867113,32.594906031703204,7.167273620130875,45.20807726364767,pomegranate
65,27,51,22.682868940070506,32.35423339986426,6.961398724110939,63.932744540119,pomegranate
58,28,48,27.104233764816016,34.36344385022974,6.7796643245076265,50.42917820360791,pomegranate
54,22,43,31.992326928839866,47.19451351231618,6.676147936136343,60.13958645180266,pomegranate
42,22,45,24.336512763924873,31.777258565871907,6.529009637648358,48.848575811827885,pomegranate
60,29,45,22.241431950817802,35.28663112505355,7.430268963488266,67.94004158537047,pomegranate
48,22,54,29.601970671042046,48.337796023894306,7.493281998183188,43.374633215881374,pomegranate
58,31,42,15.72178064602491,48.728668969407295,7.070382076277148,69.39528014306421,pomegranate
47,38,43,29.952488859946875,46.121411577924256,7.444686507337179,52.91216799097151,pomegranate
53,37,51,26.101490940205828,48.638065925453915,7.443812995093037,46.51957328873692,pomegranate
46,30,58,24.462498245449346,34.34528245218596,7.075800024268033,59.96136308488189,pomegranate
67,24,40,33.01201787947986,35.476711191430915,6.706228486122201,50.50884025219901,pomegranate
45,27,57,24.13343146028892,30.91134910059845,6.50906757714372,55.284785017789936,pomegranate
45,27,54,25.468922008252104,41.99638942891296,7.091334467608426,41.241335721872744,pomegranate
68,24,48,33.387028150698285,38.300295929461484,7.348345747457987,67.45626162345502,pomegranate
64,33,55,21.60243191676644,42.13066967356312,7.307975727814208,59.8048504887145,pomegranate
45,20,53,34.862373867793465,41.581376088023276,6.8522908329508825,62.331204224343026,pomegranate
60,20,49,28.060429916796323,42.95330773288422,6.729812629603333,59.41391082623765,pomegranate
63,36,56,31.156022757188666,34.12321949946806,6.753168809231804,45.67038912585593,pomegranate
41,20,50,33.406080612119496,32.28681540872986,7.282515330059214,46.6975725128214,pomegranate
60,37,47,15.260683545541713,38.52498447651678,7.372868175655864,68.08411138751302,pomegranate
56,36,59,34.361711314430124,30.404219155348525,7.084954290559242,44.58803627244777,pomegranate
49,25,47,19.710803224582797,35.304588684001416,7.30117651796627,67.08025083679432,pomegranate
67,29,52,17.073811585201618,45.755377906837296,7.465740652286648,50.01910599806667,pomegranate
44,21,47,16.339648741042478,32.73902201761865,7.497187405409155,45.6431242464553,pomegranate
46,27,41,21.89865851769802,46.60483641997888,6.769758982959697,52.76821829572,pomegranate
45,34,59,17.668625393506133,39.287041803273,7.251186141147686,51.40704314050224,pomegranate
52,22,52,22.101970798989132,31.623275819651198,7.361492666882258,40.71467157748258,pomegranate
47,37,54,33.84215027210281,40.85368016606223,6.731538481250162,43.10275304224401,pomegranate
45,21,44,16.027504342787918,46.39432301718328,7.327529396214609,50.714957435402354,pomegranate
54,36,52,21.519785638005217,44.457551151392515,6.553694809294415,43.029731361009084,pomegranate
64,39,47,15.791649155733205,33.597992084877355,7.150621142945589,44.936440597086005,pomegranate
42,32,53,33.986839079955786,47.2270049916727,7.210000181400328,40.638470768743424,pomegranate
41,30,54,19.853305912823128,40.19420785615459,6.84285601832621,49.36307884438777,pomegranate
50,28,43,28.69908335740528,43.58391831274544,7.174619661651478,49.998674961577564,pomegranate
56,35,46,15.689096523916957,44.80163072139581,6.636882536345369,47.03617526707768,pomegranate
48,33,56,20.70231721849339,34.07554736885257,6.846939722462814,56.6026365466458,pomegranate
41,26,55,24.34694013074484,35.49497143726562,7.418429589358626,59.94834373101618,pomegranate
59,25,43,32.594631960122825,30.67295936675933,7.204946990329004,59.40203719133636,pomegranate
53,30,48,18.592039114571506,43.23379354685947,6.672001742583528,44.005455666938715,pomegranate
64,24,58,32.08781675152122,33.07951979902226,7.098151810777499,66.92990076731212,pomegranate
60,34,46,32.12304007128631,46.13518162432424,7.493197196130499,66.78404618538354,pomegranate
60,23,55,25.271679525798213,47.73130770579026,6.803218320780459,53.133406897516146,pomegranate
60,33,54,30.347613659502564,47.85552839625716,7.060286201229108,60.70553969221629,pomegranate
56,35,44,20.467475283061376,36.16658001656528,6.86441600584226,66.88274290855522,pomegranate
46,29,40,34.25472365898299,38.855097397762194,6.5274304709682145,50.03517348944808,pomegranate
60,39,54,23.60372590271509,38.3520624587659,7.005038073339946,46.752551892567226,pomegranate
64,37,48,21.35450498462208,42.87907911054871,7.4813834875643925,42.47495684541036,pomegranate
54,27,59,26.11590391091309,30.34979636623447,6.948874095199477,68.49954099935644,pomegranate
42,24,51,34.54302022423601,32.364343100808306,6.725243278733253,56.41074728968765,pomegranate
55,25,40,25.0750642271757,35.57302734871039,7.461229042282235,64.46942946148415,pomegranate
46,21,51,17.202494431271596,33.89022433775444,7.445330305749466,63.12606258892841,pomegranate
65,22,46,32.80281951504183,46.69300048276004,6.6402516213416165,67.3655311433982,pomegranate
60,29,41,26.82918618521004,37.110034825464005,7.28607612881092,57.43168034932151,pomegranate
48,37,47,34.868358631776104,32.317113683251826,6.5747949865916455,57.09843433574582,pomegranate
47,37,54,20.635836188228396,48.33685588638865,7.091446018509361,63.51306368059498,pomegranate
54,24,58,30.892760227692165,35.32582987827261,7.106881205388229,45.9429960768628,pomegranate
55,25,45,30.54289392601359,43.67291128019147,6.88965743330499,54.8413066778041,pomegranate
45,37,53,20.809296212425586,48.79812835114889,7.32983236330204,56.58642365816932,pomegranate
40,27,51,24.847944860042418,36.810592308725454,6.693622588116977,58.609773590951235,pomegranate
40,35,42,26.402765021528236,33.53637317434158,7.30444441040976,68.1941482025874,pomegranate
56,21,54,17.883462692040467,34.37499721070153,7.049613055220141,56.97262319450932,pomegranate
40,27,58,25.382802666902357,42.92892203941082,6.555969184943754,62.834951222680616,pomegranate
54,35,55,21.700141008463643,39.764816814380055,6.74586559551482,61.46512810326232,pomegranate
56,21,41,28.432142080386363,39.843229076691756,6.949748109837458,41.28834916390689,pomegranate
64,39,49,33.79569388800316,36.04500291264521,6.945441646684465,52.937065858502656,pomegranate
47,38,46,27.178907475717036,32.8200942961199,6.841904818454676,46.82115867881977,pomegranate
60,31,43,24.8121658379866,48.61729809210277,6.7006654173413915,66.54618250753776,pomegranate
43,39,56,25.278155157349193,33.39938943361797,7.229183034135227,55.602304461525826,pomegranate
48,20,43,30.80733726694583,40.96565716370111,7.333799323807107,69.5849425688632,pomegranate
42,22,42,25.237511355033654,47.495950720100396,6.615970552696748,55.28185228423614,pomegranate
50,21,44,30.121142075242837,31.029599583674404,7.48499918391509,40.063826772142036,pomegranate
64,22,56,15.335336492436873,48.26442158784079,6.53717503519987,46.045647727275764,pomegranate
59,38,49,18.46525784105783,37.485894349852146,6.565570909413379,40.04344969677768,pomegranate
56,24,52,23.919452634991075,34.58208098675791,6.961316241750891,42.2458319764435,pomegranate
59,22,51,18.44118641472623,34.34841709783758,7.343692622368447,54.693043903993434,pomegranate
42,30,42,29.53013241775519,31.308126249243525,7.02659797121781,61.53517317779438,pomegranate
56,21,59,33.00000035550381,41.92829386516396,6.859565859602658,69.88552763833474,pomegranate
57,29,56,21.123758390017684,36.66657910500409,6.521538270819344,41.11021225696566,pomegranate
68,31,55,27.959222112876436,47.2455393343066,7.298777409078005,64.91253956202077,pomegranate
42,20,52,26.298387136996084,46.182719516102935,7.350310152309388,59.764252034927594,pomegranate
61,20,46,16.82138286173662,32.15121576661498,6.713210509138112,68.93424797479827,pomegranate
63,38,45,25.05403717194745,46.24407418803993,6.587938080927634,46.010113754717636,pomegranate
65,30,56,29.287444056899282,30.732753372575857,6.6746006268659785,57.229826377801565,pomegranate
41,27,46,26.82284695929293,31.001873521446374,7.14697207373582,42.444969338234316,pomegranate
63,26,59,33.01806592323646,30.54517514270313,7.231324732223587,58.74160394074802,pomegranate
118,75,157,34.39807130056535,74.14083770854442,5.552131907870992,210.03108040022798,banana
115,71,191,32.034259730779794,71.4650367081317,6.944112962578977,172.60491669483258,banana
114,85,189,28.503353226872264,72.08877864045813,5.614130956219739,229.9434607938587,banana
123,78,164,30.024771474984504,72.8190258003792,6.062448753042372,152.06899909259383,banana
117,75,169,27.646976610031444,78.92558988438404,6.951717431817189,194.42477796716202,banana
124,74,165,34.32827363211208,76.01594723921261,6.146418032529901,152.0347590337933,banana
136,79,171,27.799356859748734,73.25384636467827,6.7479941668785095,152.33529773289183,banana
114,88,186,30.79298815059849,85.3216427347086,5.5493451748280975,219.97766405818743,banana
147,83,159,25.617205644842542,73.72334976978843,6.922345287434535,244.0700884596805,banana
128,80,163,26.166966771634424,86.8862497533527,6.860106928622338,247.236250298899,banana
116,72,183,26.978547548871425,85.94631468650734,6.692394854099005,190.99981122533475,banana
123,85,181,25.615361157622363,74.8993254812475,6.322183888070053,226.46061596822705,banana
129,86,159,29.733893121304053,81.1193266950915,6.882778318474736,200.14649591365156,banana
122,82,197,25.714118771094842,79.18083611887849,5.612761119066618,164.4889246726852,banana
137,87,171,32.63490159896556,71.7596976839611,6.472512035482375,217.17914444632322,banana
118,82,183,32.5410948514334,82.51793242270371,6.8324263500504925,205.81251379215237,banana
149,70,179,31.96634848536809,83.59686602671279,6.687859208576201,206.70680154592776,banana
128,83,177,27.065923439759363,78.20727191340849,6.229045674290398,245.0141492585724,banana
117,83,186,33.53459400589284,81.7987625838581,5.697402457035643,234.4813217141317,banana
137,78,174,26.797525254782435,88.20999897941479,6.613451893188386,213.99338395065004,banana
139,89,191,33.78129607170767,89.39106966617544,6.352996124332095,154.21891511470182,banana
133,89,150,30.422691034460765,74.2877351336504,6.995728126488111,161.56263537353627,banana
112,76,164,33.82296164942635,78.49724001540056,5.802265724768715,168.81890185927656,banana
135,80,191,34.31988430192247,74.68556817362096,5.646856549404823,161.18350166065494,banana
108,75,183,25.86339186260701,77.67950290616932,6.1035256012667505,187.22057457888317,banana
135,71,158,30.945114900042583,88.19283755259356,6.163855909767832,203.2546402143197,banana
109,77,179,32.78496613524156,80.65821994091667,6.69229819024649,244.44952669006489,banana
100,87,192,31.43252284645942,76.05739923027573,6.057866987536301,213.6249300588537,banana
104,87,182,25.874111602975525,77.35128494316666,6.81138481886855,211.00624442417137,banana
122,76,198,26.633010690333858,78.67625495314616,6.56005593311248,234.4754835089176,banana
119,86,198,30.28825634747824,71.37115643197917,6.985727422053441,222.75932157173412,banana
109,70,195,29.067068297103283,86.7032008448225,5.886578385257841,247.20206815987893,banana
117,74,181,32.19232972454157,84.3716991706354,5.6336350551424035,219.08312476658443,banana
122,82,179,29.41549420300938,84.48248176242262,6.81565103525709,226.94601504011035,banana
120,86,157,26.342189959685594,78.60623801988996,6.711406836565556,237.85546663295804,banana
104,78,199,32.13180292212509,83.55405369096323,6.543355617897213,156.8327648794578,banana
137,73,169,30.384159595581707,79.81845048263,6.858689729834155,223.51428005309748,banana
135,85,189,29.317721594893833,85.77006966209137,6.822603494508189,247.76000407958608,banana
122,78,183,27.601529254995555,75.20244756025404,5.637597732800773,213.73183044340928,banana
114,88,151,28.32233125857135,84.39189239909003,6.3730716412425314,234.3871903561215,banana
102,84,150,26.07502630328606,76.60549453608449,6.318867435801959,198.17183838687325,banana
144,85,177,27.090243386482353,89.0338420625457,5.613421152238168,197.0564641027883,banana
143,81,154,26.964351753596787,75.58379355119231,6.793552277327643,211.10979591618099,banana
148,82,193,34.87639429909845,81.9804928312286,5.566133738065269,164.67837802208257,banana
124,80,169,27.624687056321882,76.91991549736952,6.1124845583580285,217.02309890632978,banana
142,78,192,27.281187540235546,83.1898937203243,6.469590899817181,238.57452838077762,banana
117,88,194,25.93427546004201,79.87725717405971,6.120191418716292,211.24747741116363,banana
134,80,171,32.11883405240993,75.65570137518242,6.289237197191724,203.56887471068416,banana
137,77,176,31.885638180622315,75.58677711082714,5.949391096644302,242.73618788631444,banana
118,88,177,26.46874877878746,72.74010722765983,6.934481957033335,186.9537731937392,banana
148,71,163,30.274778579411894,73.5276112631882,6.011415127847969,197.30610619308862,banana
100,78,183,28.507473934724217,72.43687232710997,5.551140580245078,233.41903000166457,banana
107,76,198,29.63073489617782,85.67071739614727,5.91935864584958,182.0670118072154,banana
136,73,150,25.3071821026385,76.47805075343797,5.576360607523247,170.62871994170814,banana
133,80,156,31.083309083822947,75.4662630352052,5.965197310410575,202.1119321092873,banana
102,79,195,27.292152135751376,79.35298028799131,6.474754534901565,193.34271377438992,banana
104,88,178,34.42471951655483,89.2730118369427,6.213169892814577,212.94049845259923,banana
115,72,158,32.27519683679344,80.84960153674349,6.504413422209923,202.80858400923503,banana
115,77,150,31.97053056970684,80.78436008024673,5.601778096978856,184.4026054577713,banana
109,76,152,33.91195688349519,84.78290517627737,6.358279380726431,231.48553045172372,banana
117,75,189,33.219312432845854,82.42710964364078,5.842599905453782,229.92160353353992,banana
143,85,167,29.33871977711944,79.47166125503378,5.536764404141134,165.24340634008058,banana
130,76,163,25.613062243788054,89.43981443562816,5.893371261334959,236.02232739552565,banana
114,78,199,32.97957132357011,71.46519959063954,5.793354179312192,183.91342610764337,banana
148,79,158,31.29139905161498,82.64188775108283,6.030372454927942,191.1625939119669,banana
128,83,152,34.14718972627573,88.84252407825477,6.010941797393885,167.68554302116632,banana
124,84,155,31.532751364755683,77.79398247792578,5.601873931613208,190.02639206815263,banana
100,71,159,34.34928589309078,84.46707880718756,6.801687669609857,194.5644862807938,banana
116,78,175,34.069277295473626,77.31255994042868,6.610484208616476,233.12523491815674,banana
106,75,156,31.895536308541217,70.11908551970325,6.352695310597561,179.60708860063403,banana
108,70,198,25.46965363506484,89.91132455393337,5.751939438483014,192.11173615285037,banana
131,86,163,33.56408997167078,75.41283803664729,6.00725789368102,200.2326106953684,banana
136,76,156,26.08967351369823,72.89230464071787,6.521648204813238,152.49725865052375,banana
139,82,167,28.125164144356624,77.38621715621757,6.089229377072573,188.54736047680478,banana
149,70,176,33.470838138494734,85.45023017219648,6.853826473564402,241.4583134263552,banana
147,78,153,27.34348304169622,78.06622695332486,6.9577477379320545,225.8561639113156,banana
138,74,158,31.17702573291664,71.68805504432108,5.9778497529867956,156.50619464526127,banana
130,75,157,30.167966450853733,70.16464893478827,5.570517946086877,157.64050465868726,banana
100,88,161,34.383833096747836,87.79138664465147,6.559099998765816,157.7833557315701,banana
141,76,155,27.908739825777843,89.31361802024131,6.482110544255617,174.06925314610288,banana
121,78,169,27.139177681486437,83.65847147412893,5.844725181320694,217.26335208833348,banana
108,82,151,34.648143216351855,71.60176913005743,6.15988689087364,161.96603717734837,banana
149,79,170,29.561907020626336,85.86559961592525,6.733814583837667,245.28006351440598,banana
100,70,182,33.9172695660757,81.62785242565278,6.626116567009849,186.68692418897524,banana
134,89,186,25.606359445166362,70.09640260441364,6.04393562825065,248.87056790858446,banana
138,70,154,29.94142936689022,76.36792554955069,6.3297716001450794,179.74179873311138,banana
104,75,189,27.065798287424634,70.86930769164458,5.549654310275961,208.51224576558948,banana
112,78,173,34.03681687287147,81.23230757545657,6.2011103672706325,180.86286397528406,banana
104,79,197,26.031188705559227,74.43226775047974,6.550336490407878,185.18498319823394,banana
123,73,161,28.9472829196787,78.8167849542456,6.3450613236585385,174.96181887460054,banana
114,88,155,34.353224214929284,74.93003527086753,6.440313013191176,241.04245311621943,banana
112,85,175,30.83595623784585,76.5204965793471,5.6761566511287205,202.87810305733439,banana
144,80,191,26.318598051294796,82.74140873749462,6.142504140093694,195.70307189507446,banana
125,71,178,34.66294567174009,74.6371314191815,6.2470038395955605,228.28383955553807,banana
121,73,180,25.684377617412263,85.36942403279008,5.540280331683087,200.40395162675637,banana
122,71,174,28.108804216915853,76.2095354117638,6.2775589120779784,164.49340075862102,banana
104,82,161,30.785864439403007,72.88118882260756,6.815457447343994,158.61493284069613,banana
118,77,171,32.38952445636037,73.23229693455173,6.665444401441304,164.01043131748372,banana
136,74,170,33.0311810077058,70.92857175520673,5.983562584156544,186.92630682711282,banana
140,78,177,32.209410773333886,83.28563708257258,5.571409576098452,176.71368133811563,banana
109,46,97,20.354282385344835,48.52804893143255,6.453540761700827,219.8916767931928,mango
98,46,109,23.42188466581009,43.59654674428358,5.885789989601838,161.55158557813238,mango
81,58,86,30.02481253818359,45.28811872391496,6.594795855071789,174.01453090567287,mango
93,42,106,25.3342568110386,46.48325832139606,6.4290018068878885,188.1334838084689,mango
111,53,89,23.677389239469363,51.37253997502871,7.2517609899715225,196.94551002729816,mango
94,44,81,28.812390481250276,49.5512784465893,6.102145331112493,218.7648707546164,mango
116,51,114,26.934820058972022,51.518782513629795,6.294701893491745,234.75564016553972,mango
83,59,117,29.859926774846542,56.75599540334206,5.737646771900458,160.1383145222366,mango
98,58,112,22.523860901882934,53.249202632986865,7.313734653401095,211.2796006151941,mango
91,54,92,23.069353484375988,42.57074959737584,6.639394099205338,195.79438801414966,mango
91,47,110,28.213670483294468,50.966079128058496,6.583432311542634,206.34548441159035,mango
80,40,118,32.479722275891135,56.91270544150127,5.520824927417989,150.58499630781427,mango
106,48,92,25.999719533579587,51.74624507476565,7.395543667528303,165.7882219965882,mango
97,47,88,23.065988314294934,54.58415442205169,6.706907903441271,180.97875631278413,mango
105,54,118,30.420381070657193,45.06460025941455,6.485581862219094,193.05845952328326,mango
101,53,107,25.818316778535316,43.042154093026184,5.627555473633963,232.0286109311436,mango
107,51,100,33.49893052180787,53.65276522433072,6.5700919822031425,158.2654271723495,mango
95,44,101,21.241928291941395,44.44925444828922,6.659180256464948,207.01283006854436,mango
102,44,97,32.7143211988233,41.79569332626754,6.962800953417975,234.50851393366563,mango
107,56,114,21.744109925700595,48.63512058348972,6.6907918060650236,214.0377379037605,mango
84,50,94,27.282622478256364,59.46604760362476,5.758938607860692,166.44819902632256,mango
102,48,108,24.83184375025575,49.10996907467838,6.332387556870547,163.35611466007367,mango
118,56,109,27.875534261870254,55.61705226502706,6.445279279286664,167.8914874291419,mango
115,51,101,21.671197669645814,45.86011479574631,7.472240796453457,209.24722572242624,mango
101,54,109,23.469633795235445,40.22503935364124,5.906583831094046,186.97187875734903,mango
108,58,110,25.97970777425536,43.41137192630316,6.8525222761071,176.5110509207789,mango
102,50,108,33.980109851767594,47.61462718949176,6.8620579401921615,239.41352235358508,mango
102,49,106,34.32337616699229,58.13119539388033,6.759742855452329,212.5894281432254,mango
104,57,118,20.499638303533185,59.69938481301611,6.417934961571588,205.63838637984537,mango
87,53,80,32.53351033610982,58.5171042914092,5.695861026941431,202.73671802954678,mango
100,48,117,21.553049247198405,51.232231667582916,6.652480372401176,216.5763775547251,mango
109,50,106,29.808975177503616,59.36451023563265,6.6700379117161495,209.79494697757025,mango
89,57,112,28.315935741763642,59.66598020804028,6.526919432315262,237.9201235449928,mango
86,52,92,25.398378244911573,56.10420755712046,6.637144129349846,238.94453216836783,mango
113,57,111,33.30441360243696,54.302664385384105,6.841154682800374,175.228774463311,mango
96,53,80,25.675087752370302,58.63196694454736,5.740110000087848,170.2625038412093,mango
82,51,103,31.303790688146503,41.18928290456011,5.633573399752652,242.20962919372943,mango
95,42,103,20.15609490720903,50.360593689583915,7.204898941551949,200.61641654444048,mango
81,41,112,33.22959032755902,49.08438692598977,6.865566715464949,161.1609452280789,mango
101,41,81,24.03882305551154,47.09858639919137,6.406452511204689,236.31765856414498,mango
89,57,106,24.103723920050225,46.39384611745585,5.8592682544421635,170.38052943136265,mango
80,55,89,30.12719333049738,43.356088902755694,5.687631254413615,200.85602696639683,mango
81,41,118,24.03996752491272,43.529672537221145,5.926555734222237,215.35249405216254,mango
108,57,116,20.278384853812256,54.759242886867476,6.8218471581592635,249.85358764022726,mango
102,55,86,34.28921978915575,46.619273351589605,6.032735946523072,171.09404054600654,mango
104,43,118,22.100697755502484,51.375351479332735,6.351929996378152,190.00084090960246,mango
87,49,84,24.023338862900484,50.700648880560294,6.9877328802543595,157.03253346531037,mango
85,43,93,31.667328706326266,45.28935548322815,6.1695214017347375,240.5730127092397,mango
111,52,100,24.848319615274573,44.17258975835964,5.61962466612899,223.1911146770184,mango
88,50,104,20.00220625084474,46.79634418419158,6.641409449487751,208.41335551966353,mango
84,50,81,22.026302513399962,45.594743740561576,7.2990080342992645,170.69368124041375,mango
88,42,93,21.195902171588408,57.290938930940996,6.047296297887942,238.04091581648322,mango
118,40,116,34.21592157857657,52.037411743343796,5.640940473564957,222.1500445305693,mango
100,44,106,29.08335381369832,48.26380568452926,6.273417329021599,244.80051121036894,mango
84,59,99,34.93235493977503,53.11451877515697,7.053132212916486,153.68431062871483,mango
86,50,118,25.414684462113364,58.81505362278596,6.913324144947387,223.76244233385398,mango
112,47,86,22.513570430236072,47.08623652664296,6.537582205937266,232.34605836724216,mango
82,54,88,27.78028700869868,43.56058830524161,7.488843251348266,189.18993398760665,mango
91,43,106,26.05382239541663,53.255224591247874,7.49888425357158,206.50740815675567,mango
91,45,99,31.797808477361414,52.663096292562194,5.81427281560243,174.68453441501677,mango
116,40,86,23.566858459998347,54.437570584987334,7.024499353989676,243.30891700727153,mango
102,56,116,29.437128546532648,49.387192321961116,6.3412594941194556,160.26230746582004,mango
80,53,116,33.54687432241926,47.49192263456213,5.64699462502535,231.26683940278218,mango
95,45,114,32.27751411646952,52.333704454852764,6.053506859243296,154.2150252017716,mango
98,49,100,29.74163575578843,56.71951340859734,6.828237948583363,156.0660145189747,mango
118,45,99,22.090454529416597,57.585355610018794,6.8270736695589775,164.61727476663768,mango
119,42,86,22.502045399229814,52.46702834506227,5.833179364527601,167.78599636679135,mango
95,52,115,23.88774064753772,51.077276951346725,7.1812912100903015,204.45672305943643,mango
117,54,99,20.23491539831728,53.10850357390237,7.2199600712005205,191.87098088695595,mango
89,58,100,31.76332317316967,47.06288235440955,5.821584423181482,215.19948088707213,mango
82,59,107,22.73129293472715,45.8882669022734,5.622013206807922,185.73368061533208,mango
111,57,84,25.104384069873273,49.874124450125734,6.601139136649649,211.6412288040169,mango
109,42,115,23.041040134639626,55.10083265476738,5.501772830956636,155.22190327711834,mango
89,41,105,26.12957584627385,49.190069014140974,6.658887753667862,220.57593165027197,mango
100,51,116,27.051227505065867,47.69514861404564,6.28601464886113,174.16759341419205,mango
103,40,97,21.475001061520786,46.2813932921587,6.614596964709705,221.47818403023285,mango
80,52,112,23.138028629123646,54.595184319910345,5.853644999409576,170.2939697579218,mango
94,40,100,26.861106458099034,50.70458687567722,5.8798621430063145,191.4670781402866,mango
116,54,102,28.255668961561348,56.14429414896124,7.235764287772369,196.9899193657584,mango
113,59,93,30.57799343958784,51.71474943287557,6.759069126182917,160.5771863306952,mango
98,42,111,30.19065805749356,43.77562148412746,7.3884734078048035,228.0678890142081,mango
82,44,106,22.441299914635863,43.44699434149701,6.293407119686811,230.76424475970234,mango
83,40,95,22.832114160895635,47.84916126898784,7.409820046276964,240.97745994139896,mango
90,45,80,32.181451529189616,49.22051948709226,5.710104569341671,156.9231702778999,mango
110,49,101,25.297372728146122,57.36268275202802,6.5899696843152995,192.85505668565858,mango
88,56,81,20.810643585711855,53.98458401246735,5.613621595018292,174.33817613950245,mango
86,41,91,26.936380917975857,52.07111536591032,5.945309189363851,207.63047324427703,mango
90,50,87,21.919351744051806,58.5094235109471,6.963172714567894,181.14384620410962,mango
84,57,100,21.41294591781628,55.2143789433163,6.382593502553699,221.11713467594728,mango
85,55,88,34.6186124785109,57.159044994052095,7.060886273949523,158.16094858033833,mango
117,48,119,25.82221272446122,53.04435294708526,7.351583562422895,159.54196411548332,mango
117,45,107,30.5247299036588,41.93984756965278,6.086488730231502,216.1248406021187,mango
111,51,117,23.202286723485315,42.0333829420987,6.167000585276925,216.98428262982918,mango
104,59,83,30.98889396206021,49.86144005543748,7.31645146118736,248.13489222052215,mango
95,54,100,31.62225126277627,53.30801244977769,5.686465529501488,158.0890039063784,mango
81,42,88,32.82652046908802,42.07677769208448,6.287375604466461,195.5431152058508,mango
107,49,84,24.512388470965792,45.48097007814265,6.592625458684773,219.9321266380515,mango
95,50,111,32.27571352544818,45.785991195850194,7.371112520369986,177.833721416012,mango
85,52,100,31.63587288877335,51.621259737653965,7.145462057452105,240.02408475055535,mango
92,54,108,21.2539772132991,59.704859206070374,5.598563326436037,202.900978782795,mango
61,55,126,25.201893270519324,57.89244289759524,5.947494982569898,69.785512429543,grapes
72,41,142,17.292301051745614,61.82271473383043,6.3701607901160795,67.3780330890286,grapes
84,46,147,16.267434919562803,53.85270565215917,7.096384070712136,80.50700286826618,grapes
71,73,122,38.729132696635986,61.37700571767869,6.329246293595044,71.27534436178678,grapes
81,74,148,33.34387498826952,57.26759702503197,6.116443387879668,83.25155476881329,grapes
98,67,140,31.23110058650285,66.26322084797698,6.513990176479388,80.94237061790884,grapes
83,51,142,36.71430305220338,61.131001836025426,6.75041768508278,62.44782126081306,grapes
76,75,113,37.92175806224613,62.35169449823011,5.916687614437134,63.3315783201858,grapes
88,51,132,30.18630591141736,56.80518517356658,7.0846882453622495,64.4499246523833,grapes
97,68,126,17.339078034700997,69.23385634101169,7.421189565814582,69.39364731232939,grapes
80,77,109,30.903614504216456,63.92596806558497,5.975004961684523,71.82512822857609,grapes
75,43,110,16.033582448533508,67.32045239496833,6.018683747910662,52.53234768914183,grapes
89,78,122,25.074498347450735,62.88764293696623,7.268759156464168,85.14013775133367,grapes
75,74,145,37.92752015733147,59.66990422940688,6.774517133440037,85.4660069704133,grapes
93,51,142,17.80635357099859,53.09624989090677,6.417714813981604,62.70157607618257,grapes
67,44,127,33.71210084140725,53.06691759280631,6.718726690246566,78.52960110100366,grapes
78,56,138,24.143487148803345,57.543339738328676,6.639724869111022,63.762431905979724,grapes
96,61,124,22.857523500237,52.10065865025124,6.71227259846401,81.19606748460534,grapes
65,48,109,24.987607620687996,52.51095503666208,7.44174460675727,61.40119277161409,grapes
76,67,148,21.26158147416584,66.7494734494627,6.840015052110968,67.4022149111662,grapes
93,44,107,27.16550128685762,64.73590478373461,6.167611595840549,57.115360399244544,grapes
77,72,120,22.791735182527532,69.98399275875826,6.780466562075332,55.64389694845596,grapes
91,58,125,37.44820312881298,66.03111976647742,5.535052944417647,57.04173852809002,grapes
62,78,125,39.47301758851594,56.93072704173669,7.397698306110296,89.08461091780187,grapes
70,43,118,17.589042999810857,62.63151697085164,6.328659335045215,69.54734327064426,grapes
60,66,108,17.864872656807407,54.03353303377783,5.8750917789916395,69.83563885688334,grapes
93,72,138,27.604502864690573,63.41106279063486,7.360810225243693,75.54345393056032,grapes
93,64,129,20.47474289007966,58.5572561013806,6.832408654240131,74.71745856276698,grapes
76,61,109,19.031051258098387,59.26893548410919,6.310732903484975,67.36115023812073,grapes
68,60,133,21.24395034727042,63.510867793019976,7.141049708839231,65.89413176381716,grapes
97,74,132,22.750857241643587,50.32947687811341,5.718921603139385,50.346294959460465,grapes
75,73,127,28.01011356891898,69.45709801730871,6.2679052669861965,58.3641757521686,grapes
77,69,143,24.866607932426344,64.81347969073988,6.9233060158598665,88.09939205715585,grapes
65,76,123,15.430970956305607,64.71493797585532,7.087570283183477,89.66315647456524,grapes
91,42,121,31.670395513208362,62.91836840640684,7.24212209800975,83.651416971865,grapes
97,45,100,33.480494034974505,67.61812533500478,7.1091706286076946,82.6596002872448,grapes
97,46,123,29.478113441349794,65.95962772806091,6.23092209549724,73.76478736938594,grapes
98,61,142,20.718058147335586,64.9316855606026,6.292016855105049,79.51136048335084,grapes
64,46,132,35.06789380919211,68.11540922578737,6.843399388968232,84.74713068699795,grapes
73,76,106,30.800484895980944,57.216563745825944,7.089476338233556,82.2985544846705,grapes
79,78,142,21.887290974654118,52.305943352326054,5.9464449874246466,70.8446128876816,grapes
75,77,136,18.722179361222377,65.0122298059118,6.515778706957165,60.91535823083493,grapes
67,47,118,36.26238208767739,56.755092425598804,7.115718310613341,79.55174083215438,grapes
94,71,143,28.100309315607404,52.42286139958114,6.781650806606086,51.32301918746795,grapes
91,50,148,22.27550539207491,69.69679811929616,6.8996852525066625,84.83528660256403,grapes
69,69,106,20.203569403246885,61.57184365030099,7.335008870913983,84.95655350342221,grapes
67,61,140,30.503088634983996,54.62014594318568,6.938506211006059,76.17338135953305,grapes
69,51,110,15.776335220270186,58.75838471442203,6.390108515675486,73.42388175500764,grapes
99,43,130,34.23347668640141,60.54085481888064,7.155049969107494,83.06243792911661,grapes
70,66,148,38.963841704729916,64.12922488924018,7.183710303218269,73.79998845625593,grapes
79,47,122,30.586388842645672,57.28689714761953,6.529004189260519,56.54291953882745,grapes
74,61,105,26.642231994730757,57.968887443669395,6.397103766908838,80.57622696128561,grapes
97,49,110,15.020673511407487,68.97494742108707,6.512736374462261,81.99996538987673,grapes
72,41,110,31.8740167274563,52.60024390704366,6.276706465799093,87.66062727801156,grapes
77,42,119,24.297477101903887,54.662507607170355,7.068559252292052,66.52223107769547,grapes
99,47,107,35.77040494867079,52.212570006202164,6.694062350355191,83.11648399993224,grapes
99,69,129,38.00786431370945,56.647747987554865,6.8156118684586815,58.2351426367544,grapes
82,54,119,18.734287789351487,63.38376960459192,7.2470550446887,63.9652655722842,grapes
94,68,132,35.77727357138526,62.38883090981683,6.244133090075442,78.73514437386784,grapes
85,52,124,16.57989228858622,60.31332259675149,6.17942374773417,64.84772621479159,grapes
98,42,149,33.224351830386084,57.93627272174379,7.29497849598273,72.83097470505169,grapes
69,71,100,20.683414899388282,63.63079491630056,6.427102075872888,76.03283033833735,grapes
82,45,115,35.91802661551669,68.93318237246795,6.044338412994845,80.14514870918129,grapes
85,78,142,38.42181170056476,66.18064237875774,6.605663323279856,72.50602463087445,grapes
68,65,103,31.253721505148103,56.27497518891032,6.993634865790329,53.44469419043872,grapes
92,51,129,38.6555414556729,68.51158003732861,7.49219660651145,73.83536974045434,grapes
93,73,143,32.06499709920293,61.0067077099159,6.344939210058447,58.64255735868788,grapes
74,58,149,38.18685529273715,57.980774839219364,6.744361694480075,52.24929364691668,grapes
97,41,122,31.899635675038244,69.99040185878336,5.6593628958766065,51.85823017318892,grapes
88,57,105,34.83887145468741,67.12410773734732,7.363941343898832,67.20252258296395,grapes
99,41,145,29.676010312769897,53.73871510550709,6.638431078982164,67.2621790049237,grapes
91,48,116,27.706348158800406,58.66190441379446,6.2019554407435145,62.82611286572142,grapes
95,70,116,21.73392911774242,60.54783829530085,6.075927339753847,51.351526887603804,grapes
97,72,140,29.77110579360719,62.41443353801418,5.667990782722393,57.85904164625193,grapes
80,70,148,39.223850734016885,53.96839678649199,5.748017563815427,81.50875257288197,grapes
99,67,135,19.138523132947938,64.09510232014549,7.091596647194641,61.128684116193014,grapes
85,66,103,38.83613487410515,60.78653870949912,7.205432837571013,57.830882948816,grapes
85,74,104,22.818237940970924,59.175069501914656,7.3975981731454725,62.14374283102583,grapes
86,78,139,15.728960782065519,61.514994996548815,5.969284072528299,88.39412615056138,grapes
61,74,128,19.297761108474283,54.55498542349825,6.788935663830892,56.87800014161324,grapes
95,77,102,31.004227915251533,69.93623593382895,6.774615831876731,50.72483364926329,grapes
94,62,134,34.44092011014315,59.94784411977069,6.723430204689341,52.78368253034457,grapes
83,58,122,32.98057696983549,54.80018607489493,6.445075589626804,51.96053331158736,grapes
83,56,104,35.9051543151667,64.0717917596901,5.618306608020535,83.05353892728064,grapes
95,72,124,32.717387878165084,59.437244809811176,6.014544219097955,54.48417033816646,grapes
81,64,111,31.64974950058895,56.61085330979977,5.66020574579165,64.93323625986301,grapes
98,59,139,35.44240849828458,56.10409460281561,7.48503527277677,84.07061595678303,grapes
89,74,127,39.19323326524059,54.4858138547326,7.381075962553805,76.9303362819789,grapes
82,52,145,16.231662721752585,59.276807403399275,6.547521673915091,70.53407193343031,grapes
91,59,122,38.26950323088911,55.19251200140593,6.176886635370571,87.09585093472894,grapes
78,54,101,30.824691887404065,51.66973285542195,6.447040023706866,72.95304141331536,grapes
77,57,129,34.14932335475949,53.797285632050446,7.087413458906658,89.817403817952,grapes
70,63,133,21.977134997837407,54.87841535179107,6.779429744387084,80.22578453380504,grapes
73,73,101,29.001539484730053,62.852084826450884,6.349514840070288,52.183009710065264,grapes
78,67,119,30.761037930160626,52.0884623467531,6.267388862991156,71.14023641148997,grapes
78,78,118,28.717660188232426,56.697439583418344,6.935368433774267,88.88048733891264,grapes
60,44,109,17.94198809537835,64.24414869043157,5.597242193255737,55.58409890918918,grapes
87,48,122,36.73750903268581,60.37708313756798,7.23353168578242,76.75484583434405,grapes
63,43,107,19.36757461381429,66.66977647885464,6.6544736327584335,53.66944809293975,grapes
81,55,107,20.520297677839025,60.64628694577836,6.782603146905141,56.073915151976806,grapes
104,57,71,26.299086641222093,66.35975503204463,6.692724245656419,66.38625519966199,watermelon
83,55,45,30.747794315446733,79.19293844958557,6.258086605995718,67.06940122977798,watermelon
113,53,45,33.14727671937594,66.55859996780826,6.836565920474437,54.68802159918602,watermelon
106,42,62,27.508254870232744,72.12509804759753,6.031021939539119,48.35758028310965,watermelon
108,49,67,27.693236871671715,78.38831575847246,6.192623135578917,55.80870591832027,watermelon
98,44,63,29.53577773381413,60.96736919047015,6.527112305129757,69.78210329285109,watermelon
101,52,46,33.27054802310774,67.84363764416929,6.049435204962821,66.3668201950715,watermelon
103,44,58,34.04738848234237,77.9622240669236,6.6930228484225,55.38906151280509,watermelon
86,49,52,29.912875027722283,77.45117392579822,6.361523914033687,69.68731021890343,watermelon
82,42,42,32.53131813564252,70.91379095911188,6.778972804703156,58.42640391363106,watermelon
110,58,58,28.57805677118632,68.31283884513228,6.025663928101028,44.74490675851364,watermelon
101,57,79,34.639925919281175,70.37426172382445,6.067878198590864,55.08608191185196,watermelon
119,57,47,26.014052924071667,73.688472449802,6.235994517983953,59.044405349812486,watermelon
90,49,47,26.96697238848465,67.37767672654621,6.12024362851599,51.083890137548096,watermelon
102,55,53,32.68502094648174,66.60618302744349,6.7393354220114885,42.78199332747867,watermelon
102,43,77,25.555160828773527,64.54852749052354,6.213663399013061,58.25761383128394,watermelon
114,53,48,33.51462328553106,64.56116268094408,6.637995082147391,51.566256213298765,watermelon
91,50,52,28.507033795411626,79.42785939072968,6.826731954682136,57.30932121644925,watermelon
89,42,47,28.939740266321774,66.84457123663553,6.970746085496211,67.64483155438661,watermelon
87,45,72,29.19717979487034,72.53292606959863,6.487475384768896,43.569539163038904,watermelon
98,59,56,25.644033746688986,60.40862918897421,6.918895406355357,66.27536947298688,watermelon
111,59,48,25.169963716516534,74.04016014612561,6.223785868303178,61.981230105207864,watermelon
99,53,61,28.407767978597043,77.33716056916933,6.095683362327498,54.90346950566796,watermelon
115,50,62,29.345826626643603,68.16458377942469,6.212470154611137,42.75242300420613,watermelon
119,44,63,28.698117398327557,64.6747013108618,6.497843670714668,69.05178225585313,watermelon
110,40,75,26.271666568956967,66.82919018180031,6.921527302236983,52.6174326288333,watermelon
115,52,53,32.7426256157936,64.4524699748651,6.319302220134529,67.56653936955007,watermelon
87,43,70,27.583750196344617,68.68696863906835,6.308355585470147,48.23145567569628,watermelon
94,47,50,25.9882648079822,74.44434927482354,6.773613087137892,61.10788870766707,watermelon
100,43,61,26.96350374054853,67.04727369764423,6.589150011021244,67.16927694381275,watermelon
89,51,79,31.199756908021005,78.61130376766552,6.869806634968791,62.78462500574744,watermelon
85,53,75,30.08045928252811,79.28389835336607,6.625910412439829,53.179809269964025,watermelon
82,53,46,31.465987271647712,62.31878871206381,6.739057735456419,51.18365290725055,watermelon
86,47,46,29.40282754063787,74.51954088025208,6.2157585387079255,47.558984726850625,watermelon
98,52,67,31.239496728084237,60.79417529892128,6.300842020757651,65.54512227173076,watermelon
96,54,60,26.07656657808576,61.746237394468785,6.159067311308693,63.39543211063446,watermelon
99,50,48,34.066011384387295,68.0881320299095,6.31481134083196,46.586858606734495,watermelon
112,54,58,33.24451460582871,77.00464827913841,6.912495840532194,65.57788309467304,watermelon
95,47,54,32.60265608982496,69.19456145160416,6.380281500764667,53.697879661872335,watermelon
98,48,58,26.99790902492357,76.08476184057662,6.788964527781289,66.8232943336633,watermelon
104,43,46,27.88370447504797,76.28789535726466,6.169977360439119,61.60891099325029,watermelon
80,51,71,26.04750599116364,68.08192491586847,6.458866833507356,58.11102243580082,watermelon
113,54,78,31.56820924377982,77.93963676945317,6.9559522189371075,45.64995217987582,watermelon
89,46,74,28.628707612786833,68.10446894420386,6.970729956375862,47.73563052865059,watermelon
101,59,77,25.531511697728842,63.18067749647137,6.316963304056432,67.02044960081227,watermelon
102,53,55,29.676695490380016,61.02313104011791,6.039030616255113,66.66194618213866,watermelon
106,57,65,33.05009826464425,68.10311024040162,6.495626932218699,68.5482885466406,watermelon
92,52,49,30.826720628016293,64.71619504818207,6.02347175902259,47.00025325523088,watermelon
104,44,54,29.65898004943847,74.41268131297339,6.453661578669488,63.82416854251197,watermelon
101,46,45,33.1114005277887,62.33162290041529,6.928990842915317,53.523902217263775,watermelon
91,49,59,32.75291114181544,64.54499239285353,6.817321503228273,47.8716835530061,watermelon
107,46,72,31.431212657052114,79.77917515936629,6.918231033688428,53.81991509479412,watermelon
92,57,78,29.65918045391141,62.566701626934055,6.329007574432772,45.1828654579424,watermelon
100,52,79,27.936457927274095,75.46877577480272,6.12012338342533,56.88661749190982,watermelon
85,48,46,27.496587447993285,75.8362509728922,6.009704322644874,52.470569044419015,watermelon
118,54,45,30.397673886730573,62.0624155914475,6.850945989138989,51.36107567225659,watermelon
117,59,67,34.84367050962799,69.02727722736634,6.249173620474991,69.29839393304792,watermelon
89,49,59,33.60681993853934,74.3170801577738,6.4498676488532105,50.462410902865265,watermelon
101,44,67,33.03582751475902,79.69200958052284,6.221163139619411,53.449832472632515,watermelon
95,55,56,31.928950525891523,77.01142009759644,6.854895602490101,62.53021122248967,watermelon
116,42,56,27.092361915332965,62.11041723496677,6.53755813299144,52.44894189627224,watermelon
101,53,58,30.04828781215,71.3473821184943,6.232863224753918,55.04980966840053,watermelon
112,49,64,25.276397723090675,67.46474728413382,6.187878468238871,65.48611707220583,watermelon
101,43,63,27.733932280309645,71.59758579635601,6.270631077292648,59.09145868981697,watermelon
96,51,71,31.696513431955683,71.20043495258881,6.340860211211848,45.204947651454184,watermelon
85,45,72,32.62978084740434,79.97841012992467,6.5917117063042046,51.38083832982545,watermelon
99,45,65,31.280034908016578,61.68969180941706,6.055059090418227,56.695377000272046,watermelon
91,53,55,26.330598137897322,79.25641686891286,6.113742294051098,55.33276311180197,watermelon
117,46,75,30.033801084762818,78.24991958036239,6.024414664612683,41.43769631685361,watermelon
83,49,44,32.91520853134212,74.17405327447892,6.056888750808862,44.883157498516404,watermelon
110,53,60,28.23843145622505,70.81510796167835,6.108903885547785,42.87244368419633,watermelon
89,47,77,25.339180430221855,65.83859995543453,6.854396135653033,58.45173331338147,watermelon
92,51,40,30.101929367698318,74.1690529155454,6.262605003749714,65.49963404602266,watermelon
95,42,66,27.189960193084655,66.5209710775108,6.506731235087958,41.94351928991048,watermelon
85,46,71,29.372573613982958,61.23664927440928,6.308555734535395,51.40452815492744,watermelon
81,52,74,27.8292228587727,68.87751483126772,6.3867973933604265,62.158535774745054,watermelon
99,53,60,34.00348439301347,74.47021595481985,6.183496496360807,49.22771629761603,watermelon
119,45,67,28.864705110377574,68.12526280775842,6.593363458488653,45.95427329953537,watermelon
92,40,47,25.737282782307645,77.85616649151466,6.47067909103402,62.334222824983286,watermelon
88,54,74,31.622208309855104,74.63499783783263,6.0489806916610585,41.99875733865319,watermelon
106,57,47,31.394514692733374,75.50720569612456,6.574589540359959,64.8660937881386,watermelon
112,49,68,29.93479118160512,65.07419362989643,6.452656961752209,42.27765741269169,watermelon
107,59,65,31.09693429602948,61.876220335658964,6.04797627729033,42.24152093686782,watermelon
97,59,71,28.07752592520406,62.02312825595007,6.508303315827816,52.33663510256905,watermelon
112,53,45,33.58513135021506,78.98618448959408,6.503255883536672,68.36578140827567,watermelon
98,52,58,29.22118248913959,63.938788220001406,6.913054849558533,53.66212560320207,watermelon
80,43,76,27.312085575408535,75.91126366327086,6.0516677817921485,44.04344394599068,watermelon
99,57,71,33.48140960507271,75.89984368866739,6.037700652263384,62.92753090692503,watermelon
83,42,78,25.98206229481248,67.4768167737328,6.1870823531849855,41.796773204595766,watermelon
103,52,60,29.519721850476575,69.47504753931318,6.373376194099791,65.7460940485685,watermelon
87,45,58,30.218431426785635,78.31681992012074,6.838331842893878,55.375380977338466,watermelon
114,45,63,27.569706729194444,73.19146139000803,6.911665693019889,56.017738637457306,watermelon
89,42,46,31.884084176737346,79.66066284427166,6.8533314861962396,63.31250008781625,watermelon
103,59,46,31.00535732282294,73.80674441001767,6.857541328729993,44.86320281088268,watermelon
87,56,68,25.71041347744248,78.55064837622196,6.881317640140042,41.757397020607534,watermelon
108,41,78,26.56587043973658,72.82104708585749,6.13415480868121,65.82009507652927,watermelon
80,55,64,31.497930639174545,61.916658159166595,6.419368562441493,59.009222720899636,watermelon
84,58,57,30.80760956919282,75.91751319236795,6.702731905527305,62.47964088921335,watermelon
97,45,49,26.884721855651815,70.29242571341777,6.614950184121787,42.215591354476835,watermelon
116,47,65,31.071262780604048,60.563971470294014,6.769234464502864,45.35654047769002,watermelon
98,48,45,26.730823801127467,63.915821787534945,6.579981783578543,40.74257436234639,muskmelon
93,46,53,25.259131791236385,65.56503105321003,6.370132752318411,40.82380737502475,muskmelon
101,45,46,26.928878093521302,74.55489808383922,6.00212646009225,43.20900488745802,muskmelon
119,49,76,33.79099960575097,78.75519437632435,6.9217605178495605,22.104047500638814,muskmelon
112,44,52,31.79714863201828,73.14681865139318,6.5953631418926735,48.62185129737948,muskmelon
89,48,78,27.12383181479774,64.80508154512775,6.281397449324153,22.56914122130971,muskmelon
86,46,50,34.172532128074316,75.08710685818794,6.040687298961016,44.47069710842792,muskmelon
118,52,58,27.651823172700823,73.8145948641113,6.518007540475162,23.92135183427099,muskmelon
80,53,53,34.54961518934045,67.18820094361988,6.429491751146501,47.13589177316909,muskmelon
110,56,78,28.584450264886854,76.74034400056885,6.3017495959701435,28.759964162470396,muskmelon
88,53,71,27.722813526678014,79.83121825830307,6.8806941994824165,26.172258122789106,muskmelon
111,59,54,26.503625899245808,62.1867565236728,6.670616853062631,39.53766571804037,muskmelon
82,41,70,33.3124999874952,75.06566042736674,6.412492676670163,39.271862712846,muskmelon
97,55,45,32.70926929627906,70.56303890462144,6.6809443674117315,29.893371672537945,muskmelon
98,52,56,30.62380370232526,60.792520787403284,6.927987419417049,48.35582383237524,muskmelon
94,42,59,29.70846024800872,74.21751954377692,6.444058490175538,41.97346055590151,muskmelon
81,56,55,34.72764943019496,73.82023287441012,6.827180211309126,26.44908680523381,muskmelon
96,47,65,26.562362706537694,67.26246967579357,6.565481670880744,29.84960162202696,muskmelon
88,54,63,26.6066988082603,70.5133254077954,6.05811566187472,24.745590638825355,muskmelon
104,42,50,33.31519938001173,75.95965984174113,6.931682982040019,28.602277005286293,muskmelon
101,59,45,27.911554345755082,61.573214052728915,6.802308366365905,27.71285744003825,muskmelon
80,44,69,25.130527886000323,65.35266542291737,6.576223935202632,27.647286737867788,muskmelon
101,48,55,26.894747039573907,63.9914520248312,6.565063402219582,47.28643205417077,muskmelon
93,45,71,33.354480111669126,73.82756012284592,6.259109285913988,38.905837912543866,muskmelon
111,56,72,34.76849327073289,60.18191703242357,6.523309576426157,45.98782967805623,muskmelon
118,43,79,28.284677660904283,61.663277853255565,6.938566886972974,42.070671680692385,muskmelon
105,43,71,28.564176890648255,77.0182897342767,6.350761892311347,39.21843602923235,muskmelon
94,49,74,32.874005729638405,63.93215696304291,6.1588822879977085,29.633313521610717,muskmelon
101,47,46,33.64620459571603,67.33241399628315,6.727152803582168,27.51863665992177,muskmelon
91,40,46,34.479837747314264,76.77803757306339,6.8556819964325575,21.389971411310125,muskmelon
98,59,72,26.176400918546012,67.9806651918924,6.002497509674461,23.942190740941548,muskmelon
83,53,43,28.232079401170598,72.88600627695007,6.578199802031692,26.712612560783043,muskmelon
92,48,69,28.886241463023765,76.53124077064734,6.37457525032125,36.762499813119796,muskmelon
99,52,60,29.520019713446555,73.80360917224641,6.084235413520679,42.5774148566952,muskmelon
87,40,41,30.16146478734278,78.68981436777145,6.315039231132841,30.830338248510735,muskmelon
88,59,43,30.404264765754878,76.6525277538635,6.165450787017812,23.50623349371756,muskmelon
81,47,54,27.086403189904363,68.86416671133367,6.045468770913259,43.54451275783971,muskmelon
113,41,48,31.531868134865736,74.91087834339785,6.004702319709711,45.0142431445078,muskmelon
84,45,42,29.480397064597614,70.16049308053945,6.449644842312751,39.74409790210365,muskmelon
115,51,73,26.71769715454482,61.40644177678526,6.036655781494972,41.16605611187805,muskmelon
80,52,42,33.90549943838829,66.26509921146453,6.670548886669381,42.63616169118061,muskmelon
116,51,72,30.422184934258212,61.945582496693234,6.502296255524682,40.090869776561476,muskmelon
117,55,74,27.937447834936883,64.2583338144554,6.435699318942424,27.413870157959096,muskmelon
107,41,63,32.3452124852957,76.21972037219778,6.857837852007465,45.0243965102817,muskmelon
99,54,63,27.73639037587098,79.69739379990637,6.063110278621648,45.186331183884356,muskmelon
101,45,52,33.56947623478599,65.79645532811232,6.936856079743295,39.6363330290041,muskmelon
116,54,48,30.37671086861719,62.53554565895103,6.0159563883162015,28.431721337785532,muskmelon
80,41,62,26.59266772962504,73.7107924859493,6.258854120938267,39.06065314503171,muskmelon
104,46,57,25.237338030771753,72.20548168832192,6.719998544708042,37.83254041816869,muskmelon
99,40,41,32.23591692359378,69.29455882776169,6.648378053731042,27.518148710764823,muskmelon
109,41,61,31.23154258895927,64.96819825921926,6.658933471582671,20.217440633785703,muskmelon
86,55,60,25.288457961334476,75.82749421439351,6.350819581350687,48.689403970061974,muskmelon
107,59,66,30.32032191673808,77.06615647117059,6.280295372403196,44.74256253808949,muskmelon
106,52,44,28.40774212305941,77.20696659202798,6.634905358167303,37.77932706064651,muskmelon
80,51,73,31.504635299550063,70.3882532014784,6.173989504924073,47.069240739675735,muskmelon
101,56,75,27.896549121184343,71.80837883722432,6.73234597112117,28.533731436919616,muskmelon
101,41,73,28.596610729388097,62.656750616877744,6.313015347774384,37.542543764266185,muskmelon
90,49,59,33.503716563612876,62.37899796291258,6.4187188726667195,37.921666018873694,muskmelon
86,55,40,28.476022112533208,74.15951507419898,6.663672989962185,44.006060698721754,muskmelon
117,48,65,25.540148796369103,77.55374150777592,6.430119534408308,35.59695008048299,muskmelon
82,54,50,32.3038133633995,64.21139426469365,6.6104734995549865,41.12606398254306,muskmelon
89,59,76,34.72317004242246,64.33365458593957,6.672033552813447,35.51677589105232,muskmelon
86,58,42,30.05672115633759,64.11589963667451,6.179836719624376,24.24402268566308,muskmelon
101,56,44,25.377490452896495,66.57100172562896,6.015979451529803,41.24992655520377,muskmelon
103,47,78,33.10164614401476,60.910569299189326,6.131685271248268,41.03214345255958,muskmelon
119,46,74,33.630086908674514,73.02599531040347,6.0710041617299915,37.70388961554477,muskmelon
105,58,46,27.613725390255492,66.02565486064817,6.598511389052714,49.6937778704997,muskmelon
102,47,71,32.518095771508214,78.94950680542566,6.386877556848079,21.652327725326767,muskmelon
94,45,71,25.941871202769903,61.56557998694435,6.210629940102251,29.001365228305733,muskmelon
86,52,60,25.48621979721376,67.2755445000611,6.274828707295269,39.23156802286927,muskmelon
103,49,53,25.859000396125314,79.37515870180835,6.724481580398644,31.85068520684997,muskmelon
113,55,54,30.328185319181856,73.115580886702,6.674758373549599,48.91158025836286,muskmelon
107,59,78,32.843891171445605,62.50144412541358,6.261941064983556,37.929742837216665,muskmelon
95,41,66,28.55474902041282,77.07672801952589,6.33622499112136,39.07651780955298,muskmelon
83,42,45,30.932688407428287,79.87879793295573,6.791429074857915,41.24808089944372,muskmelon
88,57,47,27.73501395529634,68.75434811623276,6.625589312036888,28.572316464874298,muskmelon
86,57,72,33.757941258938416,76.07122192570858,6.798173195497409,29.934771990506448,muskmelon
96,54,48,33.71585948682886,79.03336577978652,6.778396803625274,32.84507838414115,muskmelon
116,54,67,32.5983566623437,71.84939017226499,6.055344723898416,43.250193378893826,muskmelon
83,56,46,25.919506276536048,65.96344973092609,6.828916271737384,26.939215156882334,muskmelon
82,50,58,29.081446479643326,63.131352487364516,6.34307035561251,42.54867664312714,muskmelon
104,56,47,29.002899799436477,61.22281337209847,6.208829191398204,23.911320443224074,muskmelon
114,51,65,31.126035612539084,77.31595394983829,6.086359865499733,39.73280569184803,muskmelon
100,55,74,25.00128096031245,63.313091674609346,6.351600422855634,31.57889928327056,muskmelon
82,53,74,32.12386529184751,68.35041058096701,6.27395858602421,22.399062264844932,muskmelon
89,54,66,34.0276718517736,60.013273605989625,6.98820117501317,48.67404441531144,muskmelon
96,54,50,28.730419626109743,76.09938530264992,6.88620278060489,25.0139943060952,muskmelon
101,55,56,25.829053446455426,63.03184949331926,6.80484082512678,32.7859558361814,muskmelon
112,47,44,32.971076791053505,73.17362125629032,6.3413739174965125,26.65972747655653,muskmelon
90,45,62,26.37612118982873,61.1587898643485,6.156085157713507,40.4856589239277,muskmelon
109,48,45,33.01585428296402,77.65294632702364,6.273708916256509,33.67765989530092,muskmelon
113,59,52,32.98628254585908,67.24854829849689,6.352709758867578,28.953413908253438,muskmelon
82,49,78,33.430143410319204,74.38451294897834,6.477345112273665,47.69386584444532,muskmelon
94,55,53,28.874365191906087,71.96153679304017,6.827691633958588,23.60581364600349,muskmelon
102,40,66,27.93851164117075,69.49533135807167,6.533810859439309,24.196149658074365,muskmelon
98,51,51,33.87644361508093,65.1451199525218,6.97929328249543,35.799332917284936,muskmelon
88,51,40,29.449727387208483,66.90564569574683,6.742090997762963,28.2619076691723,muskmelon
100,57,65,25.04663387206536,72.76549744116,6.9295174227872405,24.87953934664306,muskmelon
108,46,64,31.84338177401335,77.71270081048836,6.504448047022794,30.13481350783043,muskmelon
86,55,44,25.954732864076625,72.84022182836264,6.739882100053031,27.510052324928424,muskmelon
60,34,102,18.44265964935969,53.300763025024004,6.7581127536688115,77.90755559004565,apple
84,39,74,23.484777144448685,51.49848129013782,5.953274615097697,100.07219346177638,apple
86,34,97,24.259588333380513,57.02015827420024,6.5628759925883156,121.57289758861282,apple
61,59,94,20.681105709635116,51.07742435337816,6.904729531266243,96.55755102607837,apple
64,56,109,24.207173229249456,53.83346714474999,6.286938213365886,78.47374383013107,apple
88,47,105,16.278362595405873,51.99912086453223,6.673753515045074,110.02572847354773,apple
73,51,87,21.89570936502956,50.74270781175915,6.776402728619028,82.17600568186953,apple
73,45,83,17.60497903236268,56.53191315332456,6.462681774377879,97.14145305450296,apple
57,33,74,18.209745878939938,55.4844194489768,6.05194812976849,118.72637478899523,apple
66,47,105,23.222127866838612,58.65691695937778,6.774522234193832,91.1107046896683,apple
82,52,95,15.37793361636578,46.24700474674164,6.137827395502071,101.5807409027789,apple
71,45,69,24.287420319805644,63.486780155982736,6.3534594651288065,102.82343247400584,apple
66,46,96,19.52143467164749,47.88430128215177,5.970798460274692,112.64418654865767,apple
52,42,85,20.289896877177604,54.67476071279292,6.630180263824958,97.731865012052,apple
82,33,71,15.791036338358934,49.30581448062911,6.874021514433119,84.9258356885081,apple
64,55,90,22.857619276463062,49.1475843410924,6.336441254211955,101.09252618614366,apple
67,49,62,21.909084654023978,45.67082064101436,5.928237706766709,80.67303832823397,apple
57,54,105,21.737601416308372,47.456279432196645,5.978286280530964,76.2360938164903,apple
59,31,95,21.70753243027842,51.017974972334855,5.8702910301540205,97.70266203139369,apple
62,49,72,17.72219141268895,53.54622551596318,5.872996988863816,77.51402968247764,apple
70,54,98,20.155382294067813,59.44857882501639,5.948192038402762,113.3526262351466,apple
50,59,82,17.193670374663988,60.86105702110709,6.463646826780428,75.28744125898787,apple
58,50,103,19.811515177258965,50.28999139885467,6.202176709870028,80.39853508267977,apple
74,31,89,20.35916697162051,59.27024788021253,5.858030986454252,123.86928468794308,apple
55,41,94,17.819978759403803,48.41996629085106,6.6192833093490515,85.15056062746699,apple
86,39,70,16.37318438148015,62.468283730112674,6.474411710709682,100.82239684084826,apple
86,32,100,20.82610720740284,53.551742068359715,6.000478958765539,81.97673304972213,apple
52,40,77,22.595975924310306,52.838551707585175,6.090342483423958,122.1492614255242,apple
64,40,97,17.883481585535346,45.738629824471346,5.8886640388609255,85.69252194751509,apple
63,48,75,15.941025644422966,52.17356363974431,5.801025392589031,93.90712223171519,apple
77,57,83,20.276441795374346,55.77607203833819,6.83019121905193,80.15272413882121,apple
73,32,83,17.319209859062436,45.70239074323154,6.162374911796018,122.56346423041492,apple
89,34,101,15.947585207635052,53.00596209266511,6.760494728261584,97.94912991856485,apple
63,47,109,15.605449423743977,61.71489372148134,6.877984141702238,77.52160901752187,apple
69,43,94,19.997988498782135,57.16303206334878,5.963454447150033,77.89294873501721,apple
64,48,106,15.752424447650549,61.64144589993832,6.440065588270703,114.1351593099041,apple
83,57,82,19.10609448876989,54.72298689836844,6.843189997888167,103.00346582814511,apple
82,33,67,23.082719951340014,63.83085494233098,6.467230693039467,82.26149534070365,apple
70,50,97,24.5500338782176,59.908616321797545,6.636910957163018,102.64763938769914,apple
66,36,74,20.195153206283994,53.530292798355724,6.303245098371258,102.59333319973385,apple
83,41,74,23.010709844014634,47.534153304754994,6.807311645222752,94.54535885292646,apple
86,31,102,18.96220110778342,62.52214299851613,6.3423777552748914,78.24993314448228,apple
61,56,77,22.741758658481615,46.11324452969788,6.52316642249015,85.80623908295173,apple
81,31,67,18.339605119955415,51.775337170719794,6.51387999174924,113.92141990056552,apple
75,35,65,19.928889696662836,64.16407968384495,6.192254131643335,123.94599867226191,apple
83,57,66,21.3869890231492,49.903028387781745,6.285007391728701,87.15676464530222,apple
57,49,102,19.51164794040842,60.296112843233374,6.616006579883108,94.4965992919879,apple
73,44,84,23.493157224039813,57.45713416936021,6.552858526171959,98.97510065330691,apple
58,31,101,16.893586299009737,62.906126975610846,6.956283671279948,123.17234784680747,apple
50,56,65,16.766148777499897,49.59373808268762,6.680409809599862,76.92777715225374,apple
54,42,70,20.427449607539806,64.8686858232537,5.938637207485528,108.02699979712031,apple
88,45,89,23.930881964880868,62.39183397527505,6.445453192156994,78.6537155371285,apple
89,49,71,20.11080477068121,57.93976723404578,6.442538724909367,115.32236378929059,apple
63,36,74,16.40481897453704,49.937340005990684,6.770968185209224,114.33554165875755,apple
75,36,79,17.310129413723395,60.14907414340155,6.693373276904746,81.4907704356062,apple
64,53,78,19.276816402005473,46.20663125639217,6.083957734817018,88.71746962968189,apple
82,41,96,16.246220971462733,63.89360273820734,6.844455141304604,97.1970492450171,apple
60,48,108,17.818913748938687,48.142621520675995,6.638947735789155,76.63468391841705,apple
77,49,107,16.06598300756871,55.1589103777212,6.206158011068935,113.30927978946124,apple
63,56,94,16.652845541032082,51.060000311773095,6.22607186703947,84.10815266420991,apple
56,33,94,17.711162794293262,47.036216167482664,6.504420214904204,103.6755184033302,apple
73,38,91,22.81165330836113,62.50239352319421,6.811795103574282,97.35676133893521,apple
53,37,91,21.909943561983958,49.6971002041241,6.243229618988895,118.9374621200821,apple
63,38,85,18.05580335496993,50.00722102330308,6.746670383903043,83.20148897762951,apple
75,46,92,19.27256117339568,51.918149734017824,6.025110116849139,99.07501053291776,apple
80,54,99,23.27887180671493,62.26701015793927,6.804894571811871,76.65690117505726,apple
57,58,96,24.464074489609615,50.687229839919986,5.857552989462812,104.94449852942932,apple
64,33,69,19.27602597492656,59.56036625050038,6.140311919946639,106.99554563530248,apple
86,51,62,18.115288232433063,45.557361151834016,6.034809780937601,95.32959231053685,apple
65,50,77,18.813655022697397,62.426855661467314,6.921103931860973,115.43798854165126,apple
78,36,87,16.39824003558845,62.81404466942481,6.3415214000378795,122.89774242720152,apple
75,47,75,16.592897852847134,48.050506158421726,6.863896743236741,98.860394529368,apple
88,38,80,24.79766550189447,63.687568746602935,6.955164874688123,118.71326587352058,apple
52,41,103,24.69596015301829,47.95198828118863,6.484268079623413,91.21150881636348,apple
56,55,90,21.562083571677164,51.57793809383646,6.385723974490567,90.88954018989605,apple
84,50,72,20.009721963044175,54.98624031418821,6.72080726381381,77.99855390664577,apple
71,47,63,15.398469968561848,58.68474923528708,6.746732823785032,108.8715761968453,apple
52,39,73,23.889453357265715,50.91153789298578,6.290714881635763,96.78845374180591,apple
69,54,68,24.125833012429524,45.50324608886999,6.395020398393118,99.5331872881366,apple
80,31,106,15.585935871629836,47.01051540508872,6.731580314234516,118.67081461512224,apple
54,51,78,15.776105425721232,53.15460708459685,6.065472405335706,119.26913190114519,apple
75,57,61,23.971752377401113,55.494587336290294,6.2668760828594925,104.24180920647304,apple
80,55,64,19.93424734375666,62.53254541627067,6.013721262771854,97.4682013570312,apple
72,35,102,24.62241276764605,61.658368137080096,6.017167805575056,122.56034425508845,apple
53,58,100,20.28575536200914,53.57996314688651,6.571574585819869,105.77591088121602,apple
79,35,69,21.629680600573508,50.15190038258862,6.221275611177263,120.08002931745526,apple
82,35,64,15.711796065545029,56.436807665353676,6.886885520349521,111.44109974146016,apple
75,44,106,21.447948130955506,48.405246527442614,5.819779291666403,108.74394458570968,apple
87,56,108,22.484966571228775,51.21365558121798,6.849677101537038,98.84894461616929,apple
85,53,92,21.643056663202792,58.21740053262239,6.0570062032139225,98.87792278232745,apple
54,49,84,18.615854624579846,53.667271461880745,5.882807458474483,89.43812978070996,apple
70,52,92,17.20933118459942,53.16326073529101,6.240320324363585,114.5162400066443,apple
68,59,68,19.27069659902293,61.90417899120963,6.913010389962048,95.84005535330932,apple
56,50,87,15.458912497139586,58.83289051829959,6.432104660399624,105.21818816657289,apple
81,44,103,21.45982160343937,62.417600009650194,6.832526640523231,78.14086130079563,apple
84,39,63,23.72313692199534,49.66095101933617,5.9490355602782365,91.35176780739211,apple
79,48,105,18.523116407462783,48.219461238517326,6.828413025284581,107.32912574502308,apple
69,32,60,16.965481150975446,49.203626166010395,6.049565652011772,88.25466368464565,apple
68,42,61,15.618390064011189,63.06774434019691,6.1354912011720355,88.36105792066728,apple
70,51,67,15.387949495194269,58.73129770773696,5.82876984591563,85.1353127835054,apple
107,44,108,18.82604387677133,64.25181520136763,7.248381758385763,103.89425570379626,orange
95,33,90,22.956610451004206,51.43323784642457,6.456559101712457,167.48846638138178,orange
117,46,86,26.12859804308178,69.15694682129347,6.294374071661875,177.6849994627749,orange
87,47,87,18.771704194652123,57.220778577479294,6.82580813789694,185.74453369467165,orange
108,44,103,22.64716654646374,51.64831184359603,6.801688670501825,198.4245251312708,orange
105,42,94,20.559200847338964,56.23867508798174,5.66848825792556,128.05404803949557,orange
111,32,117,16.276969034433343,66.26939234503853,6.594177376160008,151.8339085985544,orange
83,49,105,15.240783697907304,64.36316806653434,5.984686887330788,118.61665170166934,orange
112,33,101,27.590747736534915,69.04669105526406,6.326735756670239,155.6084305403525,orange
97,49,90,23.576644736139503,51.61280204624133,6.262578600960598,133.5984186018992,orange
114,38,101,23.18878824178717,63.454465590307514,6.570402392889322,129.2470045522418,orange
114,32,86,25.323028403557906,67.3951200373813,6.49696072497723,139.12782349439186,orange
110,46,119,28.85446300978182,50.511048799548426,6.221149829663913,159.96978693123052,orange
86,44,117,26.576843217712465,50.187074980897115,6.472284091527768,190.75095936883037,orange
80,47,117,18.886506523772745,56.181832768133305,5.519546449979632,135.03668518125454,orange
114,40,90,15.241831545020142,57.148932768448006,6.640620959010487,191.39017651257967,orange
116,32,114,15.562691799478474,50.68642466683032,5.975077599916131,110.24973449966384,orange
103,36,113,22.538833886902445,52.08401735483716,6.1746200413536005,195.96341210293593,orange
103,41,102,19.0201660908547,55.65340531716683,7.042238708983742,106.13389148884981,orange
97,33,116,18.821591211551578,67.62281063543782,5.6777944292755675,165.3994944015551,orange
97,31,118,28.89553131117838,59.66197532597693,5.697879495480232,158.2489067720091,orange
99,34,97,29.526207035247396,59.47012737935938,5.837725783448626,139.42555977163337,orange
97,34,97,25.407306891035432,55.57898483189573,7.036029526943056,185.58687039568753,orange
86,46,105,28.941175043430455,67.42347757299368,6.832095887048282,120.98014137542373,orange
89,43,115,17.533922286537457,56.137896728293356,6.918671578534153,133.26137187560136,orange
103,41,98,16.31177468854474,65.77381858428751,6.282030125372532,185.7813061045017,orange
91,39,117,24.942961237233774,53.25857211959649,7.206092174869184,132.28361895025853,orange
99,42,110,17.161733696421443,68.19592424281437,6.847465897511289,148.50135843112514,orange
106,49,110,28.368440580102995,57.77039920450404,7.227585960235414,169.74546551126608,orange
104,46,103,20.18600336995089,62.856557051080074,6.998000174596772,199.48713490346523,orange
100,47,93,21.160197103408386,67.55351983851263,6.284661090278018,157.51166194940976,orange
109,48,82,28.738655854841475,50.72988114496584,6.277420279298468,143.12136918209472,orange
99,30,114,16.99897583920835,69.80168462994871,6.571602826744606,130.97454151219628,orange
92,37,107,28.971383523733735,59.488754641138115,6.155628067965523,102.71632260169658,orange
104,40,110,16.715866648212547,62.46241617641465,6.814928958450956,198.30902478607914,orange
109,45,108,22.31948842665427,61.22449759303362,5.595529287846238,108.1249947304171,orange
112,46,97,26.334129043761898,58.98419415141907,6.18371950085505,187.97641588774314,orange
113,43,112,17.437853690233087,52.23225170876144,7.480262435412202,162.99198604223255,orange
118,32,94,27.18140136992043,58.2111967243803,5.860028942640357,155.66585534927208,orange
105,40,95,19.349766283880655,50.87356537904455,6.39558016998691,182.95618578114372,orange
109,38,111,28.94458348087447,64.70227514344664,7.1036292324435735,139.26362372501356,orange
97,45,113,22.946908394568567,54.64404998072685,7.391065544540469,129.5654200250945,orange
111,46,80,25.94277321067868,64.81565339284825,6.567107292696647,189.2111291650184,orange
106,37,89,16.295979355934033,62.724444714217015,6.6140259605625,177.93689629834375,orange
108,45,109,18.430058835124797,65.47317757208575,6.388180894192853,163.3507943866295,orange
116,48,95,29.73110557596407,55.93303269877818,5.823263028198964,179.36114556179547,orange
101,36,85,21.033381866142193,59.9534697852508,5.678183792069653,165.06264512586162,orange
115,30,82,29.68962335322271,65.17352110232196,6.1138319862805,105.20597327099863,orange
113,32,81,20.18204888500894,65.85367371898296,5.94906483455248,188.2924403767186,orange
91,46,106,26.56379876932881,63.13492166435987,7.193146192185068,152.99983423653745,orange
103,48,109,26.747043988072267,61.415688391061266,7.15867430456727,161.80497839962487,orange
84,43,91,23.989920909090863,65.41973647730535,6.604779471899861,193.08160457074501,orange
93,31,109,22.154961235101265,68.55669770997486,5.672775447192288,110.6031642661233,orange
93,31,100,17.425640880755296,62.14395932034092,7.166239646466961,151.81843210017774,orange
106,38,83,27.527057724105113,65.32853885156726,5.787996840259458,144.62998208906538,orange
82,44,98,25.883915785185934,61.834658040010645,6.063899175989859,158.70226214982924,orange
82,34,86,18.684008273170125,69.03560435051243,6.63640682930716,190.68583522809914,orange
97,37,88,20.25159486454461,53.515482818588325,6.141272408367203,174.9773493121994,orange
115,30,102,16.927035277739634,52.19498984718182,6.567087651976558,102.58615713415544,orange
119,49,93,19.72086196199065,51.153203837374356,6.77322807513521,183.8388045591424,orange
87,33,97,15.513660637846431,62.55253588655995,5.500808026368586,130.05749050145613,orange
114,36,104,28.691773559234047,54.62068613645655,5.7074776227131405,181.6468589435004,orange
116,49,107,21.63409457149481,52.25542166542613,5.550767053484177,115.59648722312642,orange
101,48,83,23.940975851342483,63.59318233093334,6.339916329139725,122.50423846692186,orange
112,45,117,28.44010964419091,55.00610103770153,7.465452789439133,127.37680690177947,orange
86,41,110,29.78538688591138,69.39883386259993,5.737125086553949,169.7922117358851,orange
107,33,112,19.55193561293691,64.07880933676117,6.216491660289878,130.80585138652071,orange
99,40,103,25.267157382199606,55.02518368960094,7.41467657378057,174.28399983852105,orange
113,43,84,20.276579236400018,55.041790645167865,7.198290813125788,105.14114164059161,orange
84,42,93,27.78822152112803,64.04170052816035,6.658450639169503,174.38597544767765,orange
116,34,106,28.254400157010632,50.676386455023575,6.287470299779661,170.18770014416123,orange
83,38,113,24.388476678697067,69.29114887890299,5.602316568374242,170.0393662948955,orange
92,46,117,21.252387815024157,54.31713128421897,6.458408981236619,161.17855546596465,orange
117,32,82,21.331682954180238,53.467063591533304,5.624012475001664,151.122393253008,orange
105,36,96,23.82886849093277,62.16129871436422,7.001388764683998,164.14878766067142,orange
109,30,113,24.180483941344843,53.240073096270045,6.0529296779962,105.093167685726,orange
114,48,84,26.109939261321053,50.48391807773056,6.319498167456343,144.66068125036037,orange
98,38,89,20.96257870256127,57.42093930338,7.2790432990364575,119.05654575396954,orange
89,42,115,23.60762515275905,51.75614797108442,6.436397242082691,189.24032858051515,orange
111,46,112,17.501905443661535,57.11167848123611,6.88922563300154,116.65711806062583,orange
115,40,109,20.921781617579047,57.876296633848156,7.053416680050571,185.7432683086381,orange
97,49,106,27.19158315228675,55.96577419537684,5.5845733031474385,152.17090888802983,orange
112,35,87,24.00229844505387,62.908339315996585,7.344253691284688,181.24592714153727,orange
102,39,116,29.048496893868055,50.21949070045456,5.892016295633127,157.54579703342392,orange
92,38,116,15.485481086546955,53.4816245550888,7.2669370569952525,108.99870800738418,orange
86,33,112,27.39619189521376,51.91828384783228,6.124129674105186,131.68555640284524,orange
117,33,107,22.06591692316305,68.74005252741375,7.289093182268728,177.2275245138248,orange
92,46,116,18.725576107568216,57.9216562226988,6.606372872725313,174.54754175012255,orange
113,34,119,20.146819641746692,58.14892110246599,6.143189818856217,167.42455606895336,orange
87,34,113,16.449428113728644,65.19488022757638,7.0986974659729025,180.97214512389758,orange
93,32,99,15.200754394291767,59.12279085337091,6.955167714400904,172.56161551583156,orange
85,33,80,29.63245687517666,51.041788233098714,5.900226038594236,137.47467308667234,orange
115,39,119,20.47189181157564,61.28951192199875,6.563222124240708,186.25104548991908,orange
118,46,99,18.362491686846177,61.03168399182792,6.196801316870326,144.40056491118082,orange
94,39,108,26.790940495801905,63.643076992163216,5.961372391792448,118.37528046099871,orange
90,48,90,28.08982969482322,53.83444836110147,6.230502433317948,175.65754508613526,orange
115,48,85,25.527410883492628,51.953329285371844,5.585175686445222,198.18302590656657,orange
85,32,92,29.34536215553989,64.17692900049957,6.007479672897815,150.25169510451673,orange
115,31,94,20.399616268511167,58.77210510735251,5.676721979581208,133.77731475072326,orange
92,44,95,18.335837502615703,65.3735425907776,7.427709004237079,130.78742287526677,orange
106,88,129,25.68005527143217,72.975083128532,6.991247121809831,170.61228023699823,papaya
125,115,129,34.88905156040384,86.93888083805953,6.4218691301632775,221.6152724667529,papaya
147,113,118,32.272798956811826,79.93647857209493,6.439628823913498,203.73097597245726,papaya
104,80,129,33.06346392938116,77.50648361643164,6.504765614708276,237.26873724604292,papaya
144,103,127,26.410653793267212,83.16055889511301,6.378674180615018,192.88570800093655,papaya
102,93,106,32.081198032502826,81.26857443767162,6.599962133080918,208.84490292896703,papaya
112,112,146,31.144861937821226,80.16724326633594,6.859449069782029,216.28188064476439,papaya
132,101,125,30.966126544715657,76.9996709968095,6.689998874076503,246.52600515743262,papaya
102,83,124,25.43006768309454,82.70975398290255,6.956647772557831,173.2151371492705,papaya
106,94,149,32.24724003201361,77.98568816576255,6.005554649599251,238.00646450641605,papaya
120,114,129,34.243345824391355,88.58613283303299,6.00487377601331,180.66115728419885,papaya
113,96,111,27.257312468886006,78.36033923835096,6.373703082172688,201.85113460241166,papaya
114,112,104,32.33113329880436,71.26188938964209,6.046097480984753,156.80443496890615,papaya
130,115,119,25.841048462665615,75.62296047649163,6.280379621676655,188.4459193608265,papaya
132,101,115,31.398066926398812,81.11649848374698,6.94188820291521,164.13633068651535,papaya
121,114,116,28.594112616857867,78.70056476967653,6.964726742488687,159.60898913094078,papaya
142,96,102,29.313941285647424,84.8511579025632,6.956259931762708,219.31220747546217,papaya
114,93,103,25.046755373922196,76.46195329065918,6.891041351434486,152.93391510675212,papaya
105,86,109,29.65211114079058,87.36973049793991,6.105407041074735,207.63431065701621,papaya
102,102,118,31.35154358940401,87.65989322251397,6.264884481960335,230.61618422739747,papaya
134,85,129,27.018392166646155,84.32075858687767,6.952081402811394,192.11429453156785,papaya
137,99,111,34.891312623948075,72.66998741945159,6.978312589479865,182.5207598325525,papaya
116,115,102,29.363568530984338,75.18868291292199,6.590718856538392,185.21423021597548,papaya
103,103,130,29.910399828877015,85.74443268960324,6.431351832417117,193.97573895148787,papaya
128,116,102,25.679695340159533,78.77327055655546,6.867296436463281,209.71282237329459,papaya
119,103,125,34.9073674018299,83.70403474579223,6.791041898508033,224.04954799504185,papaya
108,80,111,33.451121457882536,70.74529363957183,6.876031976004497,151.9215180591375,papaya
105,92,149,33.880715957625995,84.37798167738852,6.588767135927197,243.86510866362696,papaya
149,109,132,26.487945003934882,89.44147754641507,6.103147870329237,165.10241725192782,papaya
103,111,131,27.493289246330427,85.52470301129934,6.375427757347591,197.40383281815076,papaya
100,116,122,27.23944501520505,80.53561686627542,6.1455598043594915,171.9084816491838,papaya
110,102,146,28.13317543779823,76.59657406025674,6.836826569472311,229.23338027216056,papaya
112,98,120,30.038111239432006,75.61480077735239,6.592347063220384,232.73599424005698,papaya
101,119,137,25.057129464430695,72.25135997104431,6.074688460357362,247.0755360105823,papaya
111,81,118,25.4194643315132,87.16282229416593,6.059612734003856,177.00547182888837,papaya
149,107,100,31.406128705313243,84.20960513209964,6.856143890614355,181.22900600917364,papaya
137,86,144,31.34152783356341,83.67933623955045,6.486084296735065,155.23430361282868,papaya
133,111,144,28.301436436134125,75.18968955550022,6.849724469298042,181.2471441186178,papaya
144,105,124,34.79203875167677,70.92112372543788,6.218288510656178,214.0727963789487,papaya
111,115,138,33.571933892810904,71.8694105787506,6.19863327914055,171.5367261703451,papaya
103,99,116,25.55566311588341,84.84154602179572,6.543178537375175,223.78066071606077,papaya
134,104,128,26.19249673298193,89.55882406320907,6.874338158734698,170.6478034482257,papaya
129,89,131,30.057356211981798,77.84114933659873,6.979371575669029,166.30837877133035,papaya
143,87,148,25.835778953752914,82.51142614261819,6.917231040560257,150.80576619534793,papaya
118,86,120,25.692540367350198,76.41244231850214,6.308384990741071,161.06428189527708,papaya
128,103,101,34.21800437254201,80.79381275057453,6.060166688532072,245.67656904714903,papaya
122,98,103,34.060181541801654,84.20510800785696,6.251697193129537,206.90562848082584,papaya
146,99,117,28.980981148699456,70.44552775575544,6.927525249250515,161.4587150440226,papaya
124,119,112,28.6822974609058,84.51977085020874,6.166956656528706,181.06399468212254,papaya
135,95,116,32.838628986115985,85.59334420598817,6.349553153962512,234.54543033332425,papaya
102,91,119,33.048715261860515,86.66514261372572,6.518036860155332,152.8223318088545,papaya
114,119,115,26.155272457571314,74.35730919965737,6.828915728498879,225.22008734936912,papaya
137,91,138,32.70389206929671,77.64502696037124,6.258467946704865,153.67762730113515,papaya
141,99,121,29.494644378624052,81.56112227147503,6.88149464083595,182.4599785656939,papaya
117,80,144,31.37743038836208,81.7340784181877,6.273495882265669,204.63182605581503,papaya
144,93,136,31.643661137204752,83.43563426769987,6.223745404915663,237.9223744891402,papaya
142,114,122,28.038531648133755,82.68039356333111,6.304031966996474,185.9057825205768,papaya
112,100,104,28.025780007103172,70.0183316858394,6.484081339803254,211.8417344944374,papaya
136,107,141,33.28339062492533,75.38859424998357,6.933732752484951,220.63159937718422,papaya
149,112,112,31.122200578643753,74.73758676724252,6.708051585468993,173.4083217666832,papaya
132,100,147,27.034610693245774,73.7731208178409,6.2594362179837235,217.87264043516254,papaya
115,99,101,31.307605872350948,70.99709985344082,6.048654190810582,191.24564554878776,papaya
105,85,133,27.358490580921362,81.39226298088238,6.8362156993311975,225.33764112339696,papaya
123,95,116,29.13971193311042,76.6352169910316,6.903956575497356,158.60863052472897,papaya
116,80,105,33.77132709137004,81.35701236199787,6.815946432362309,171.6223228474548,papaya
132,98,138,28.25678685436104,81.7511406032011,6.224016715595765,233.18164519156915,papaya
141,111,138,27.63190432031312,85.23639905223158,6.099492704676588,190.10122085468512,papaya
130,108,142,34.79816446887405,79.57207551079756,6.98692882103063,197.73431229525585,papaya
124,89,100,31.737712192853415,71.6426843380773,6.711823050432615,156.40545059017137,papaya
110,112,121,26.141922155100026,83.71001653369423,6.781496523380899,160.52578827239847,papaya
132,100,147,33.75350468848311,71.62046009835622,6.410525559161875,182.88724532433605,papaya
106,111,108,32.467589000739075,84.91122367245866,6.189063127936022,169.54475316260368,papaya
107,99,117,28.06429797911748,84.9151413665341,6.640650559039359,232.7183175095817,papaya
105,83,113,31.603799404964505,76.36758813949724,6.654711968920024,201.36013031166897,papaya
116,89,135,34.111090633589335,74.73274547125428,6.13462410422802,190.63019837489662,papaya
148,82,139,30.879385735798124,80.24487257781287,6.724656496663298,186.14188127355615,papaya
100,83,147,31.650888680347386,88.73610407759782,6.5155794971399335,167.29878224985978,papaya
110,87,129,28.45308336833694,85.85713082411804,6.594676757752538,181.43062761699895,papaya
104,117,121,28.164923278949857,87.28866932582929,6.648614701421147,170.8876690872595,papaya
116,111,142,34.88349649900723,70.98437688274173,6.44404044862925,164.23815343024995,papaya
142,110,140,25.263017118930424,75.54604110827975,6.599593161424339,235.81216465700493,papaya
110,97,126,30.749814303533597,88.12974255143253,6.826894635238171,233.71240428665254,papaya
114,102,138,29.443469826322534,73.48512880455337,6.048243159505417,183.8840294275999,papaya
116,83,140,30.087378164908753,73.65211140547854,6.4211249163565425,164.25231006689594,papaya
132,108,110,31.500269891886138,72.87796631598695,6.119118896342674,185.98723359431054,papaya
136,108,100,26.243885961857856,86.97742198461748,6.236373006136779,211.19458230312068,papaya
121,109,148,31.56763867350819,84.08789465181677,6.928385260967578,237.65756790876122,papaya
122,108,120,32.32967429998749,84.16479140046134,6.545415792363779,201.38019463059356,papaya
143,112,106,34.875982170370804,75.20484566030858,6.188532993187758,241.45130246047205,papaya
116,81,113,34.43411968946685,71.49811504435276,6.491343316740897,222.76868720177606,papaya
135,95,118,25.662207821506172,73.25932361876073,6.745793094650756,194.11240969866807,papaya
125,80,132,27.470243173014648,86.16501468192926,6.089549140296881,194.4837822948483,papaya
106,84,136,33.02120801508746,84.91381873173157,6.879893660503871,161.29897219387996,papaya
101,106,126,28.819220159492083,85.27505927086668,6.179262294830803,165.6272656158736,papaya
129,90,114,28.956731905153198,75.33170234929074,6.6036598684546535,243.34297030072668,papaya
114,100,109,31.197928522715596,78.85796542832055,6.5240549552779905,191.56650722467984,papaya
147,114,135,28.34997350893476,72.2110059398329,6.5000833292346405,161.7602794524455,papaya
149,92,137,30.34634867781135,76.5431034178401,6.616478757874561,195.68065322239624,papaya
140,110,126,27.82375213548725,87.30307215924941,6.354721859980618,154.95494977647996,papaya
110,83,143,26.63008273900901,86.8372011458511,6.965658448899321,188.2701328372234,papaya
180,57,214,30.270535631067297,85.01529164132704,6.742298599785989,229.39987557805534,coconut
191,78,216,30.387842315888474,81.64620102921387,5.865759212230369,233.06668985203027,coconut
151,77,217,26.64251170785985,82.03535640027158,6.720883750329226,227.0121749857498,coconut
177,75,239,33.40787631701949,92.87562855335258,6.906114311461272,246.90964972605326,coconut
159,58,236,32.33098224785769,86.39013223643238,6.48383020714818,228.69547982399035,coconut
185,60,216,27.59920233481362,81.17790143761175,6.433345495181512,181.09037434523344,coconut
196,70,227,27.031603412689563,81.60405071182461,5.686610175734888,211.68943771072082,coconut
153,52,225,25.402702802371756,80.40639508424492,6.167920229362997,208.48839170972752,coconut
152,60,203,31.955657125754175,91.22502651840317,5.971779118739164,203.91755725313024,coconut
187,60,215,30.074446429562055,87.78034269836408,6.013153029398203,217.1998473070102,coconut
153,76,243,34.58867489251517,88.34258424942006,6.649704153667854,232.9464321527243,coconut
188,65,231,34.71279838254841,93.68837830787645,5.864610083409493,237.7594505103762,coconut
176,57,212,34.89408554871777,84.96602920095917,6.858794096833486,165.42232239406727,coconut
169,79,242,28.758330562663414,80.04608518905113,5.575749680764851,189.60636959881805,coconut
172,61,201,32.91143573902879,90.49251080933011,6.843261797433423,150.43749324207081,coconut
194,60,200,34.991205118323684,83.06093986489302,6.646798539621267,240.3105656839246,coconut
173,76,221,34.467917197883054,89.73362703633667,5.583013887462985,180.33277032516725,coconut
169,59,209,27.765780963317354,92.77915614885703,5.6260996277588085,225.2886964541118,coconut
186,63,243,33.52288162224136,88.35604984318749,6.863431556453262,170.04779258227873,coconut
185,63,247,27.82171348803875,90.20102276273393,6.100458602279639,192.51859718012028,coconut
187,66,230,30.0786782168853,81.760548270712,6.900425153653915,180.660847536399,coconut
188,62,221,33.2547943339829,91.8379065575649,6.627568129518888,152.0274400085552,coconut
152,50,216,33.74754373628972,89.07347879659507,6.166440670388611,191.07707793913914,coconut
159,68,248,33.00533224487373,86.708162012754,5.847369845556051,235.7372276932826,coconut
165,61,218,28.235847558668745,85.84313649369176,6.855147416807175,199.92890672300138,coconut
177,77,241,32.4471985225939,89.55779759573761,5.512104355340559,203.68716468648617,coconut
188,53,234,26.821764229597484,81.88110527905165,5.555238429991294,192.65065386080002,coconut
184,56,233,31.316959732452002,84.53073168348197,6.102461242993947,236.25631467926772,coconut
183,67,209,32.148491107307706,82.03709106219002,6.3494015336248015,179.7436292183515,coconut
176,78,228,31.293189443430922,85.99084997771017,6.153132859266698,175.69795516402283,coconut
179,67,244,31.883546544307585,93.06540502684902,5.810738977809974,239.51493193137753,coconut
162,72,224,28.307349111750636,93.25851811512172,6.763773033681744,171.77519556341912,coconut
154,50,229,32.827865466078656,91.1563724322077,5.5835217251081035,213.82476897329153,coconut
185,62,231,32.62475184406576,84.81794503916824,5.664772291137886,165.26311178020444,coconut
195,77,240,30.918267082997875,80.72218401671199,6.600389985971597,173.18876557633908,coconut
160,62,228,34.17565858311846,80.58230705538597,5.762990714167156,152.44801758950354,coconut
182,54,218,26.507835800587063,93.41303723977981,6.823963409245197,241.37040749983498,coconut
178,52,237,25.640950121615493,88.3074614425189,5.708846396796912,188.28474384627157,coconut
190,64,249,32.44153946134303,82.6402537771939,6.220083074497003,235.02144942838072,coconut
197,64,248,29.29537769797154,92.83034003889533,6.012192293321727,162.07672204021284,coconut
181,69,240,29.41582442003766,85.5625468256122,6.732599013989661,191.27347677990753,coconut
185,52,244,30.136100697491802,80.67551786997163,5.869452029089789,232.72839945368605,coconut
161,59,241,29.746899706736933,87.25175097886476,5.51802147251201,172.84257693601447,coconut
170,53,209,29.48045308023103,92.28364737502997,6.9907172273141605,186.89332930567832,coconut
199,77,214,30.368946254332094,83.48812345816505,6.855079047479383,212.2466869706048,coconut
157,76,244,30.33034485662394,82.30677382572193,6.628425675142065,240.85809847439003,coconut
199,77,242,34.916712206854214,84.54349251352845,6.407669474936067,232.30452458990104,coconut
152,59,210,27.022237118208885,82.89724994572218,6.131337076882134,159.2101994069768,coconut
169,79,228,31.89181516718186,87.17440581912369,6.706112428654242,185.5707911338171,coconut
150,75,204,34.10474065071173,85.1058467437801,5.851917396294623,214.8108778555898,coconut
198,55,233,30.446713976334124,82.35607937243243,6.262633109275521,222.5398930544033,coconut
194,73,246,32.43716754104234,91.97364474183505,5.766498745225931,165.15064838677267,coconut
175,61,203,31.030347310996042,87.21584542106167,5.5892439109432015,213.46368832037507,coconut
170,58,216,25.992663227455743,87.53072145485977,6.580008621214413,207.99410811466143,coconut
171,57,232,32.225940472521316,85.65495632743509,5.619228930455456,165.6185004572753,coconut
193,60,224,29.585003508455145,86.60384820194156,6.581563088365954,154.19111953470915,coconut
164,64,235,31.205195467746933,92.2401907281619,6.3520153905694645,184.1048279118367,coconut
154,79,209,28.35810518014788,81.88533602258846,5.9681239842204805,233.44167886454846,coconut
161,51,216,32.98894967277967,84.41234895284994,6.980131049436187,173.48975247323108,coconut
188,72,222,32.734490888203325,81.43902696507627,5.803888853334494,161.17478388944417,coconut
190,62,221,30.987934278680772,87.40595729609139,6.8385298230519185,246.661430369125,coconut
192,55,206,31.865032037908758,84.192604820022,6.348665648817649,248.86404387535015,coconut
159,71,203,29.54411746693099,93.63484650398453,6.932708832739013,199.4281032411331,coconut
169,61,216,34.13523940773574,81.6784065078752,6.474941921571647,192.2092045527991,coconut
187,63,248,33.03405203355759,87.61996713465938,6.1567740581858175,231.70860496060712,coconut
164,58,226,26.523670829634984,83.4839823927899,6.692084307003859,213.0866003321919,coconut
159,63,247,27.97367848956121,92.5731583957226,6.893750093200126,247.9585572975173,coconut
186,51,244,27.765249032552966,85.4634173415444,5.796180056581961,247.48935303295465,coconut
181,64,202,31.106320188963753,86.42350775118051,6.348489473023084,151.13897802781614,coconut
174,51,215,25.513795493793193,86.78193141365992,5.704343782861418,165.34869230805444,coconut
174,72,236,25.79861726514671,82.2637715750088,6.188377968649574,244.94074492755146,coconut
199,74,243,25.80097811044197,88.16379169265412,6.227806902838097,196.8999273744829,coconut
177,75,208,34.27245331153682,80.92262347665896,5.636503629988673,164.78615679408014,coconut
197,70,211,29.597384309286983,84.02701123025585,6.780715088627119,247.4517850067195,coconut
164,58,229,28.502443955510593,83.56829753147841,6.04782790656754,157.83374174814853,coconut
161,73,224,25.583056179575486,86.71010439980247,6.504098680702247,155.45159989932648,coconut
165,78,209,27.357699651875635,92.92430171438755,6.933479048516846,235.25462941388227,coconut
188,73,227,30.797722980347864,83.44528651087874,5.678976532906422,226.89963183766608,coconut
160,53,246,26.329635450316022,82.23251874653033,5.83442490188531,202.10864144374133,coconut
184,59,232,31.33848166791833,84.85442343843879,5.622103600467014,244.67383393922304,coconut
195,53,200,25.208392987853973,94.56446665859582,6.009678070334075,213.5932250631881,coconut
164,60,244,27.806245003454748,90.21541137622995,6.395780431815309,204.25681409270857,coconut
190,61,207,26.48162002766632,81.67336812113312,6.883626835051699,189.74585092760464,coconut
186,79,214,33.87641255848079,81.31363063010419,6.178617072302653,165.6595080819513,coconut
169,71,211,33.27567826008537,83.47302742077242,6.953667648281918,156.7960594521585,coconut
166,56,248,31.470592325705393,80.72349516498132,6.899931214926319,185.4378671976485,coconut
153,55,218,28.053944786370337,83.67327750426223,6.402181500149523,194.94372417725634,coconut
177,69,218,27.953924544972843,80.90822139851201,6.969908188427228,219.8178508289344,coconut
156,60,231,25.671487967530545,81.26552827750085,6.98864995382242,246.7868666354236,coconut
162,63,222,25.995429932019412,92.60543176082636,6.52162807507443,154.9981348831891,coconut
193,67,247,28.93734088488919,84.26148646458934,6.9361969534440515,153.30196757427944,coconut
179,60,237,32.560028440342556,87.51031143870354,6.369141126247834,234.49733212355534,coconut
188,69,206,33.80909647031032,84.02025256089064,6.321438391311091,244.37570859857578,coconut
182,78,244,33.677444955222455,90.24203566823768,6.635900586079561,207.3396137801177,coconut
173,69,235,31.69449978117086,83.17050598916057,5.831127667807639,182.4984805719893,coconut
195,57,233,34.51791047874581,81.00647617662509,6.314188132467298,154.0677270653778,coconut
156,58,239,30.594132803255473,88.46482973612461,5.777042552185355,193.2522964519604,coconut
176,75,242,34.9736664417384,91.48820208449041,5.77083825726459,199.75114289399568,coconut
167,67,208,29.871251313330077,92.0515781708826,6.269354034353001,239.09024398365153,coconut
154,76,232,29.74774504476514,86.18339427860919,6.126424790531534,208.98949118187855,coconut
127,56,74,26.733751531058203,75.26014161465568,6.125586938294284,114.66294486043485,cotton
126,43,63,23.038932193295047,71.51204680595762,5.835965625395668,119.0666192700602,cotton
125,45,79,26.259263174353308,76.2879641256607,7.189082715105333,85.97469318487721,cotton
116,56,71,33.278166520188414,70.6951202747988,7.308781485529234,99.7091258478575,cotton
102,44,76,25.092337529515994,72.33213947262594,5.971331498529722,83.49868340980508,cotton
107,54,63,32.5456989741063,60.58534491114592,6.98388672011754,92.31353510323727,cotton
140,59,69,33.4694290375402,72.74582955327034,6.719882313332262,82.16920803653383,cotton
128,47,73,29.186744864008126,61.9053963753454,6.916064990755242,86.1239745878907,cotton
127,42,64,21.544121007319582,60.3222315398457,6.481442394211653,116.34842029954896,cotton
128,40,78,30.767613400514616,62.08665117730888,7.385695227874736,84.84247244286252,cotton
139,56,77,24.396772573511146,60.57526044051044,5.948099281220663,91.27840688501963,cotton
147,57,65,26.259305705344936,60.13900334738617,6.861142423695107,96.2948663484888,cotton
115,48,75,29.652341531271524,68.78640768631216,6.952224806196814,81.95084358059394,cotton
126,42,74,28.624158234507327,73.109465517936,6.138794451974592,109.83442480799394,cotton
111,57,76,21.248543798193523,69.88874893704438,5.8117248565523765,90.99832709348762,cotton
131,42,65,20.489109106954334,70.33305497564022,7.421626660208656,82.92167010434453,cotton
149,51,62,20.762941247583584,75.95939507281764,7.150458407738778,117.07032060754636,cotton
119,50,63,24.476065819814604,70.0866905925654,6.608686121122728,89.85234874477214,cotton
125,54,74,29.346891303824766,78.5609807051143,6.388394268645246,99.54864741228039,cotton
102,47,69,20.480109980413797,73.80350394564701,6.795402583763811,100.9724439893815,cotton
119,40,64,26.149113069274637,67.25572553196025,5.805263207120491,115.59115871525061,cotton
138,56,76,34.194110157222276,78.8239298669786,6.762131421057969,103.78534915064779,cotton
145,58,75,33.771113692601034,69.12552818121604,7.291108005289865,112.81068193167272,cotton
138,55,78,30.549242106426497,75.17219575898562,7.303880909348672,105.47733096463298,cotton
120,59,62,33.54667227931179,70.28896402120134,7.3841017082896085,95.06191001535099,cotton
131,52,79,21.997002619493813,71.25813235084625,6.071763262382918,86.68306725767175,cotton
140,57,61,26.860252963207447,65.59320633837632,5.943456835094853,82.65651521681986,cotton
115,51,73,24.521352531487196,77.78156464511454,7.15545803953057,82.30875258401883,cotton
134,59,66,23.573730434445586,66.30771795774982,7.046873100576375,113.1307001285667,cotton
129,50,70,23.47612345239956,74.38559870416836,6.5328566822273055,97.3273693486324,cotton
136,46,72,33.64401262390267,77.90441413443946,7.1673218231865965,113.66271107144735,cotton
120,40,62,28.427710639718605,66.38881040553863,6.705226089763668,90.31665155254332,cotton
140,46,71,34.672227317082864,76.22329215223714,6.966110083581802,106.78277689034864,cotton
117,40,74,32.10394492349093,68.42994417565176,6.68441326958113,108.01334500108193,cotton
108,51,66,32.17441480788217,73.94624121298669,6.636665900809588,105.37803605437438,cotton
144,55,63,21.232879813776208,76.89552906772494,6.642019416900378,111.99529386351735,cotton
105,45,70,22.277966063106152,75.90699876265282,6.773614241356526,97.99570957370446,cotton
137,51,70,29.28168386232377,64.29313631958594,7.417654219641551,94.51094947714701,cotton
103,40,67,21.38180934613913,62.683430889181246,7.361423442950831,111.14774287064253,cotton
100,41,60,32.23613715882743,64.61337600201828,7.234623521922205,93.26190429580343,cotton
123,42,61,26.136468820275386,75.25369368024575,6.858940956000964,101.64430743181089,cotton
144,53,62,32.5121825440836,65.15445043427378,6.430984264587394,82.94999557191613,cotton
147,58,60,33.97927329588676,75.46134470174111,6.8672010399211185,96.59550029055465,cotton
101,47,62,32.692902248700946,66.80488720014853,7.403602262259619,83.9230913139373,cotton
140,46,61,27.117314877137815,63.59633480658538,6.077324289454509,90.40915439373913,cotton
135,56,68,22.86737951471532,70.21549421949555,5.806686170832128,95.12765242571326,cotton
135,40,68,34.95011603650481,76.66222335499899,6.538479834074882,98.92168918621954,cotton
109,56,63,31.101893137235706,62.6325122608075,6.4228750628862485,106.70739306913529,cotton
117,58,60,33.006635879857974,77.1342211022033,6.397233647334275,109.66612308855147,cotton
135,46,62,26.023541618381863,62.63773784526401,7.175324595542568,86.69444578739281,cotton
139,55,69,31.719792064557936,75.70340570288403,5.841869967006267,104.18619895822809,cotton
123,57,72,31.12875274116567,67.89158822996089,7.304008579025149,87.26442088987966,cotton
146,50,78,25.667074864163354,77.51831145706615,7.105586735768164,91.8840278728067,cotton
135,51,79,32.825854785785936,62.17050181179652,6.478524060799218,90.15860113925865,cotton
114,57,68,33.09886965044805,75.6435071779186,7.478166720183125,90.92644964516626,cotton
133,40,66,28.68515870995941,75.73159809091453,6.040509158355986,96.96121110862025,cotton
100,43,76,20.819582362804155,70.65226045865903,6.774426864948812,88.85052013889188,cotton
144,51,71,21.676278716379958,63.21233357082282,5.808930282845221,106.95701384988399,cotton
115,46,70,21.602712716895187,76.38565320921208,7.169230713571836,83.1387402418006,cotton
119,53,69,30.840317255713348,77.58896865749901,6.230167092229048,86.70034472809336,cotton
107,58,67,21.804857193701544,65.74049030373075,6.005114559706758,86.10741869934952,cotton
145,54,74,22.344842200653684,74.46328564372052,6.267166080835915,83.58101263466072,cotton
111,55,70,30.02590476723875,64.16635336346759,5.9732516691669915,87.59457881474508,cotton
108,53,78,23.990340667772735,62.49801239751181,6.837623980121588,85.81173788502656,cotton
113,56,73,24.9567401217698,62.455463990416035,6.717635538616604,81.38497033600883,cotton
131,50,60,23.110720031332104,77.53822526771596,6.8985388962206855,105.57557017500145,cotton
107,52,64,28.91741765322314,77.4821772116957,7.137547638584412,100.4234161109322,cotton
102,47,61,29.49482730549962,78.57304750649881,6.700813703175709,107.46999987017668,cotton
132,53,63,27.804653599135854,74.26370378851928,6.412709554309885,91.81317749964094,cotton
118,52,79,30.334522386217984,69.75674741202542,6.484888668097833,84.10876348125353,cotton
137,47,65,25.137261364097093,66.10975793152785,7.200921996681157,89.93752038034985,cotton
145,55,63,27.320086073690135,60.88280791044263,7.369557081587334,104.74739661467638,cotton
131,51,65,31.04116547787479,63.5345866645741,7.264593630004002,90.55910452240934,cotton
102,58,72,22.068535317900977,60.00088650496083,6.224665274405696,100.69290306574385,cotton
111,40,79,26.06976265598633,78.89104200404472,6.009536810416628,108.03407064328927,cotton
140,47,66,31.49250499105669,64.18335179379274,6.882944961786978,113.66214073401257,cotton
143,47,64,22.533312490574858,69.44179430212711,7.002936116937888,107.98435893249336,cotton
131,46,78,31.660875004350217,64.72864837766863,6.366147594938809,91.45150214690615,cotton
136,48,61,24.672050937196268,70.46974072825923,6.236402416235783,109.77405391373622,cotton
119,42,66,31.304311651520397,69.0891223189436,7.1252608745706185,89.81052064118803,cotton
142,48,61,21.70881171444211,61.67431618674554,6.264810994718684,98.99980440760532,cotton
128,56,71,24.46372434226785,60.38718934542585,5.854750817202255,91.6734321389637,cotton
110,45,76,23.271738983357736,64.82090688371444,6.421763716956874,103.43633414016584,cotton
100,43,75,24.321169821679593,77.35472521300244,6.7215977841137216,88.44845656133214,cotton
105,55,67,26.951616578326067,73.45368200825565,6.224284836636408,104.81354601981329,cotton
106,52,66,26.668691162139083,78.58309092595897,5.878176758159168,113.89911001818663,cotton
122,41,63,31.45859349659716,61.49133395129417,6.601560997293561,90.73993931411145,cotton
112,54,64,29.25577359560732,79.98639707999689,6.938252182603284,117.99525904749677,cotton
116,44,63,23.521201140311295,69.87175766623749,6.661718087432133,104.29013341794649,cotton
143,43,79,28.167822694192207,79.9453579415174,6.2900105480568165,113.62234457579588,cotton
102,52,76,31.151045771133575,77.48803260606678,7.376274628840495,87.77566480427663,cotton
146,49,68,31.210865643416344,64.93941662551418,7.341510295611486,99.00296947556674,cotton
109,52,64,31.760627573716377,78.01988168152602,7.436173722652504,116.5101668064408,cotton
117,53,74,24.53730878131492,76.45102403494504,7.191755970768638,96.0527719049795,cotton
116,49,70,30.93114338491538,60.26794405552155,6.429494750560772,97.47009856167192,cotton
115,49,61,33.65418861423797,67.82150884896613,5.885489172567575,114.10050157037213,cotton
101,40,79,22.621325410386007,61.20548256481472,7.3244505989390625,86.29610178870632,cotton
130,47,78,28.807015844039363,73.90079615616409,6.940250807668359,97.55272623693848,cotton
118,43,79,21.89516074795996,60.16491931457692,5.929967979791626,110.75331427716918,cotton
139,57,64,33.63468192064128,71.49429695597105,7.040416069211524,117.97610962738844,cotton
75,38,35,30.852015224997658,75.32523766656453,6.769886112203751,166.6917978994805,jute
97,44,33,34.97810417571639,76.81519346341832,6.8318566215590915,159.9566831948537,jute
77,36,45,32.65001509086925,89.00658652791648,6.319327720674845,232.22255932916792,jute
98,41,42,25.92921787763279,89.73791979893318,6.0646475792723535,249.55151990380242,jute
86,40,39,28.478605102985703,85.10988421315108,6.585581520975049,198.98353245232647,jute
66,36,34,32.578416997497264,71.80193150455342,6.438396324132656,238.8223702464675,jute
71,35,40,25.220187714283863,74.55219485684711,6.402826356176994,181.7557978152536,jute
80,38,43,31.322251857300802,75.20393720982611,6.278687745357808,198.42502794346075,jute
62,39,39,25.52959957684104,78.48676525968733,7.168352624702932,245.97520747311705,jute
93,42,32,28.322650913487234,76.13908090823936,7.110376561273257,221.1391517610427,jute
85,45,49,34.97317355500594,87.1204869798309,6.382142130007081,226.63879073788073,jute
88,48,43,34.65769275802897,74.04141570227974,6.902062203490718,234.00048541364032,jute
82,38,41,34.08482753874805,89.51763331726198,6.83385071323829,226.28889573290263,jute
70,43,43,25.908607503291247,86.93267577311397,7.000108074406918,198.1426796703908,jute
63,38,45,32.99743080791267,87.7831470463642,6.995420390906776,242.94050559966638,jute
64,41,37,28.226026495979664,70.66511127369033,6.976365104856107,220.95306110797137,jute
84,47,37,30.767125063905993,83.67059357637163,6.236919165351266,170.04006957995338,jute
79,48,45,27.99060012081631,71.83483161444627,6.441390895767298,214.22326603499369,jute
61,31,44,30.358360001809785,71.27234236277965,6.994615425677392,192.70319183472387,jute
99,33,48,28.845031615094047,85.40595043589757,6.407306529969837,150.17589970734755,jute
64,38,35,30.31737225766411,85.05185027203673,6.1240434151228875,202.90490025742284,jute
85,37,39,28.44334954431445,80.59936052137766,6.190122577151375,221.27881255733277,jute
83,42,33,31.814401935727542,75.92690946657089,6.028488342545051,217.77996684373227,jute
67,47,34,26.783552750725597,79.53033464574114,6.092090024612749,160.39893345506044,jute
89,31,36,27.756428014352377,71.33392295738655,7.012431136287035,156.06922191305344,jute
87,34,36,31.007034190290476,89.44421073591553,7.264085318135648,155.19698473775466,jute
96,48,45,26.341441131446953,82.00555752549351,6.824706436312171,221.92515925854028,jute
91,30,48,33.28172372769198,72.71146322884746,7.320776020761244,196.5623357220324,jute
88,43,32,25.373743278349743,74.36239012278793,7.319859166502479,210.9639178093628,jute
60,46,40,30.414852095242544,78.51725765431281,6.6576303863668045,248.95571666074233,jute
84,41,49,30.41155533834063,73.0689568988783,6.184784112009925,179.89928015746435,jute
62,34,43,32.87409652482822,71.76145756044852,6.506961525595588,225.40231530173912,jute
85,30,41,29.765731514028836,77.73617490079504,6.826728117686964,158.32663587839272,jute
76,39,35,27.53515343728551,72.23727712363771,6.442775654324523,192.45784593905734,jute
91,48,42,32.89268893415482,89.45006324829352,6.418347017602878,249.06510353101066,jute
69,38,35,28.1232184248062,79.47702122951199,6.364342052875089,194.3332982844754,jute
63,45,36,32.484980990815025,81.52260010043067,6.178892651825499,233.65230279719952,jute
70,45,42,30.144393087805486,82.74553620650092,7.084444303694639,245.7906231654606,jute
99,42,45,33.55258683105637,79.48393814030658,6.294998476116375,184.93533111979661,jute
90,35,30,31.07243386178419,88.4809604955548,6.742709666462727,193.693593003886,jute
79,37,32,32.53679383460232,72.53996534269208,6.673020325284891,197.37760488479827,jute
94,47,38,33.41563623734234,86.47082001465128,7.49811255482793,162.4103733176895,jute
81,40,48,33.310175225136796,79.87488178866148,6.738385981040657,209.14288340759308,jute
70,44,45,34.315563043669,76.26484487136823,6.4322427393991966,150.5005336765189,jute
97,39,34,32.38213097402605,85.5184963597416,7.028342308680671,243.14894028751897,jute
75,41,46,33.37256926102849,71.34563146244236,6.801546249115007,212.44574011280332,jute
99,32,49,34.30458198304049,76.48271092879133,7.425799554336246,242.27920364589812,jute
92,46,32,28.102610057112955,80.98793653135543,6.066805370883529,237.40847531503664,jute
65,39,35,33.20001654809238,74.72720640312365,6.467919133894744,223.5102815054102,jute
77,46,31,29.23842550719352,73.31107960082929,6.406721859698356,162.41775286671916,jute
71,46,42,28.12176821331076,75.71873128384831,7.39542275159065,212.8472645172838,jute
86,36,38,26.842466518202446,86.6494459644062,6.997146599566994,181.41066970234016,jute
63,47,46,28.240901560827517,71.38202341140872,6.259787198131058,153.07286014002187,jute
72,40,32,26.682783297089053,83.85432923201228,7.25314688902005,228.13464477992366,jute
96,34,47,34.03056410452878,88.50961010403859,7.365088695129275,165.94038823089284,jute
72,49,45,34.11551514852778,71.7626901197456,6.946032424899487,222.93534747710885,jute
74,44,49,33.822596920620605,83.6994768950607,7.110552734294044,245.17629433573427,jute
68,46,42,30.532890675514032,83.53779608990618,6.556385585484774,168.24075273270674,jute
60,46,40,28.02370096219619,88.44699677723966,6.371092185152283,160.40294164908528,jute
88,44,37,31.205773306458692,70.79673548447971,7.42631991860989,163.20651516784687,jute
92,42,39,33.82920180130496,84.84186774287153,7.274212854995999,213.06719482614488,jute
67,35,37,25.835447682556747,78.33515031603068,6.131703528978615,238.4616502838404,jute
79,33,46,27.53923799836285,78.97065624976743,6.47682489768672,209.0710906320703,jute
73,38,44,30.658020314375136,80.93079933931003,7.389217392806874,245.8731520409378,jute
66,42,30,33.24097582654602,89.35273074024333,6.102503496929459,187.50974204738915,jute
69,34,35,28.11615641614777,82.80180416682207,6.912087300476648,194.51676898487864,jute
97,49,33,34.18708859015562,89.64004522565716,6.057563873626344,245.59779501798027,jute
84,47,36,30.74318120829343,79.08325753818093,6.445481085726879,161.14560492180837,jute
61,39,34,28.249975651559584,75.73515721106222,6.380276334035781,176.18489055138687,jute
78,33,40,34.93494031162892,88.46443229685897,6.12821883695087,189.79522109405337,jute
81,36,41,29.937391833892644,78.39558792260753,7.085658597247167,238.60564266370903,jute
71,36,45,34.02178767738228,89.27630592279371,6.460237737429417,206.0564601868891,jute
95,40,33,34.25458698888991,86.03892466661277,6.476345852800965,168.44646550493704,jute
80,45,32,27.943836240555406,84.47630894585502,6.200972456961408,181.86810478136533,jute
90,49,32,29.99608369695426,70.01729972913031,6.3780004133810175,216.15377666442043,jute
84,46,44,32.27978549827564,84.99147950058067,6.476214584552546,170.88304261050746,jute
81,37,43,31.691711158461242,82.72267567747667,6.694251835944338,163.65434191679608,jute
81,49,33,33.541385014833594,74.81415267654448,6.449750088894401,182.6057835769032,jute
61,43,31,25.991106510082425,88.52577851473674,6.510110497837474,179.6126236183829,jute
72,35,42,33.285394103244634,70.09796503304574,7.068198041915336,241.6729377138568,jute
63,42,44,29.42454936812338,75.47741919823098,7.415736482658321,193.05641919153732,jute
67,44,43,27.995031664080972,81.97309032820756,6.471928664486672,232.69752734033838,jute
75,39,38,31.928144204797654,71.61419947320017,6.539844261867364,224.42500686065821,jute
97,33,47,27.61246192701154,86.54834248527969,7.267765440294421,174.15794661233093,jute
63,34,45,28.470926237291664,82.06659274400356,6.283193138875473,190.00762376461842,jute
93,41,45,30.575028264619018,77.53056871407182,6.807835913099837,202.97419121394807,jute
74,48,48,34.94632823642648,72.73255835237887,6.078574840306604,166.20055116850736,jute
75,42,30,27.105990126690124,73.69400472919654,7.420460290317313,168.23410685513647,jute
72,48,34,26.546087226420504,71.69127839627666,6.227723192386967,248.848957345074,jute
92,49,43,30.276107049217735,73.62963298079366,6.610487676737302,164.6492140862068,jute
98,47,30,25.053466748620885,72.94456954314046,6.947939386687353,203.76228806634566,jute
73,42,31,34.95361361412951,82.05683491482048,7.389427122707481,215.5560907132405,jute
76,30,49,32.13601281851639,76.1171388705113,6.548055067921738,228.40001420203745,jute
65,35,39,34.86938658707453,84.17895207640723,6.905347098026853,207.49756213696352,jute
67,44,47,34.94709965080642,72.7353076435116,6.1949948143003555,218.16020845482151,jute
82,32,43,25.438146475303782,80.12018491217209,6.636099104037331,232.76868750588002,jute
61,33,40,34.83089067264768,75.91623693590168,7.065153133166963,174.58616832824262,jute
80,40,34,32.3964106303454,86.61919997364505,6.95589199164947,217.9143256247218,jute
83,46,31,31.028783739257022,81.97246524001895,6.853030712100564,177.04375134523028,jute
83,41,30,28.824877229244493,76.59858845086083,6.24449837828832,222.1686076262376,jute
104,30,33,21.962167316829472,56.390974206035594,6.076214749914611,166.43555650598768,coffee
89,30,27,22.462791323387307,57.73200262574242,5.569167154553369,157.50404731012836,coffee
115,27,37,18.493888585056933,66.05714617168084,5.9774544103264775,161.24702654803258,coffee
108,33,28,18.55645802260264,67.09101494407699,6.89423345402907,168.94385739539342,coffee
118,29,34,23.91237973782764,67.22129483240766,5.803047438177702,161.97712984322584,coffee
90,39,20,16.578217896189784,50.089229089446796,6.4121958329475595,176.81419502408136,coffee
88,32,30,23.137664221134656,54.151694642824815,6.755734431996768,156.51681534720132,coffee
112,37,20,18.707356837984864,61.712462849636765,6.48434676523513,151.60208319568716,coffee
114,23,32,15.265695801535474,52.519676537806255,6.32272068426805,190.7839843833957,coffee
110,30,28,22.665054401368057,64.63519910344877,6.238930149095549,178.85696490786418,coffee
110,39,37,20.013074872637837,60.98284505333609,5.872058372579357,191.58509052776517,coffee
91,26,37,17.37488013271632,51.03962597527945,6.042254623772607,172.10755871999433,coffee
97,30,36,16.099263650664057,52.53122198250947,6.708443675067481,183.85290375988671,coffee
81,25,28,19.072366531243258,50.502118173939635,6.436780528527363,187.40920681485807,coffee
84,36,29,21.085779184192475,66.61078483269135,6.358274735211541,184.47059124310303,coffee
101,31,21,21.846174766048417,62.268246251000484,6.887867781043401,169.0080466789797,coffee
119,27,37,23.494533923523075,51.6163392220647,6.009166677473197,166.60918617277775,coffee
85,25,25,19.761650082473842,60.04490755849476,6.212847369000902,189.22169619454795,coffee
80,23,32,22.647582189377445,61.756540199548056,6.64217632099996,187.49461043073387,coffee
115,32,31,19.924241291392903,68.11162859258307,5.8248339641574605,169.9728573955117,coffee
102,27,21,18.329998224369156,69.30181196995105,6.253890116491328,151.90308467799258,coffee
96,25,22,22.81434797258827,58.26479938648067,5.667897945716124,198.90310965282418,coffee
97,39,22,22.61662570995376,52.28646542115755,6.6069259112897205,160.2380847003112,coffee
93,37,22,21.465414134216935,62.411055878778974,6.968034661887515,195.91148042587193,coffee
85,29,32,20.02112777258335,57.24808694765342,5.706112941615349,164.23214521392143,coffee
110,30,22,19.159369879524576,66.8235358235653,6.993637066770744,167.52928241630815,coffee
87,35,24,22.040861162975634,63.43802775400992,6.283558279092605,180.072516866324,coffee
89,27,25,19.672168559161324,52.97765762515374,5.621612918313532,181.75092688822966,coffee
84,30,31,22.118224672727933,65.9949534158086,6.63607377111777,190.16325429376775,coffee
82,36,39,18.842458221184135,53.12709843479763,6.326878794151502,185.57766368880434,coffee
103,38,39,15.38332571390975,68.89398733060277,5.903041004060263,182.8106315054597,coffee
82,28,28,19.136837038964888,63.42462219882761,6.827788393261491,199.39673697314697,coffee
97,26,20,18.173290208849764,67.05325043458465,6.844103452251056,153.47585559375227,coffee
119,31,23,22.020799133952007,52.1541158955914,5.803044312243511,191.40833553974238,coffee
98,33,27,21.723978198873244,69.63826495393536,6.876222271713878,154.95554617618342,coffee
95,31,20,18.895649454644765,69.15638687341493,5.566390291610643,165.41466955214642,coffee
81,30,34,23.15181642306635,61.21170286967347,5.749633675953757,164.7871808000781,coffee
108,24,27,19.60377694777668,58.90580741998237,6.453107970448894,186.87888656515426,coffee
93,21,32,18.689246359696213,68.32693319309753,5.533101111165297,180.551356628663,coffee
85,34,26,21.77173644104545,66.3362924816762,5.982114108034532,181.1550312332658,coffee
80,24,30,17.699694396697687,51.54753690482693,6.0190863914959705,153.724326322321,coffee
99,34,28,22.68763664950365,68.46276861945839,6.605004841405434,153.53272504277936,coffee
89,34,36,20.681499554061354,68.99585274624417,6.8946056990253455,164.2989505883661,coffee
110,34,33,19.847862571303445,52.905619831078305,6.893035815109624,181.08597697019172,coffee
110,37,21,22.00043158407029,68.55586769721246,5.89508786003549,168.2505333230143,coffee
95,35,37,20.577518533539404,50.87623412612261,6.02388328308573,185.3134081261941,coffee
87,37,36,16.21618199826058,64.25089251851651,6.654244703699035,171.42297067833263,coffee
117,20,20,17.08903511211058,52.67190995908543,6.938218907224819,152.04425443013196,coffee
89,36,24,17.43875486956348,67.37228785456364,5.635487655159583,179.65585790756052,coffee
111,35,39,19.31847250923645,57.68615138195051,5.609407362508309,189.66997555287338,coffee
84,39,37,23.807662031366263,55.457252463737454,6.813666890294285,197.22923398923686,coffee
94,31,34,22.869602808590088,66.63492652111826,5.775346214188369,158.69195369727225,coffee
84,26,33,16.087735888193045,58.72723849929204,5.84527181731465,168.0701743831001,coffee
103,28,30,20.5154240548256,52.404518371123125,5.656789399867763,195.5858038640927,coffee
88,29,28,21.47731139471974,56.1047260255205,6.2636097079181425,155.61961688010177,coffee
90,32,28,19.10640171951758,61.66971334104331,5.501262955471731,163.56532543708207,coffee
104,26,32,16.966735236990736,61.017461365509725,5.956990867436515,154.0105995701586,coffee
102,30,28,19.434630580823864,69.48116921328783,5.806739043505583,162.40003892301073,coffee
86,22,26,20.0580755652624,56.34191036444699,6.71344728923597,170.6842676383388,coffee
82,23,22,23.352025268654813,66.32985790427803,5.851114732493483,179.8888650587575,coffee
98,20,35,24.22165687675941,67.82835825298221,6.441908491894691,158.60366798928067,coffee
117,31,39,21.693218120543847,58.044130998553726,6.336748668337789,170.14396655095248,coffee
86,30,34,21.49113946907078,63.85543977791359,6.095814891730452,154.32160505542956,coffee
91,29,28,24.86838846525231,68.61657490197976,6.677098100957748,154.31072027736954,coffee
111,38,30,24.15707899657186,66.03843005511268,6.288526264861728,177.4317196244592,coffee
118,26,32,15.801148667811212,50.621655563367284,6.149341280711353,163.07396499597147,coffee
87,31,37,20.1941309807006,57.31436285626218,6.016069086829018,156.48421559143856,coffee
90,25,20,24.071634476941764,63.713059504122164,6.408039996723998,195.76810358610174,coffee
100,26,24,17.898835502276246,62.334001909293406,5.6106326258790205,187.68451257880588,coffee
109,27,35,21.598847659001507,66.02938101891652,6.4943259231693675,190.956281662173,coffee
93,34,28,15.43419815382103,53.47707467487736,6.294885916886537,196.78997960486078,coffee
80,25,34,19.114889155441322,67.05004903687635,6.1224386223764915,164.80768609689835,coffee
119,33,28,18.130808069888854,53.70426211692791,5.828482868934106,183.53285456211597,coffee
116,39,26,18.799676157405703,63.875286194635805,5.565081530989012,171.14164485624758,coffee
94,27,33,21.95838689093194,65.27685883165191,5.569820268953517,191.46995285379262,coffee
102,28,29,22.262722015152917,57.40271552807678,5.611229284770154,151.6042481490043,coffee
104,28,38,17.341432452534857,63.626107450983234,6.796415103154466,159.2737486773874,coffee
99,33,31,16.88020317652832,54.66793777255183,6.119560011242091,151.58669841004019,coffee
119,26,22,20.849637196846366,69.24343083962245,6.816610819623055,161.9830878843934,coffee
111,20,20,24.522029132914795,69.32240552501457,5.751454836173501,155.7615308511711,coffee
92,27,20,20.829697547704058,56.82570909070759,6.94414674453904,166.20670564302972,coffee
103,28,38,17.50469870183165,58.98013716950602,6.575123332829831,193.80089036107466,coffee
87,24,27,20.250157136774785,54.481371001057354,6.257308443985277,160.20347909805878,coffee
104,37,22,15.523520648896126,57.909037934755574,6.983709156204617,152.44116424939418,coffee
95,34,20,16.446640885924815,54.12498243936563,5.969878387929999,197.6306122353879,coffee
111,29,30,24.14586256106897,56.987761539430785,6.524255965110879,154.0184204016279,coffee
89,39,34,15.523330110990111,67.16355203705895,5.928510170820054,162.94763653120543,coffee
108,37,22,15.275727369225672,69.54186479679954,6.523297645206995,181.12940557321463,coffee
91,28,38,22.353523467320414,60.33970725778389,5.651136352682157,186.56770582147854,coffee
118,30,23,24.314573068951216,54.67041493774565,6.624432677690166,182.08232148833406,coffee
103,32,29,15.169347020819817,50.87468086433568,5.677263557334785,192.34506015957652,coffee
96,38,31,16.65913488811119,55.266876196949084,5.8842765417189895,176.11846351683386,coffee
118,39,23,20.91637083365672,53.446318114086246,6.841551314753637,191.48285304294788,coffee
85,37,20,16.53654702483807,69.7467550318875,6.03743212673814,154.1533558607269,coffee
95,28,32,19.195617415219285,67.40497713921886,5.802722805868786,193.01932326273146,coffee
104,29,39,20.736410137108805,68.75943092758868,6.129375722044133,184.31586272946913,coffee
105,38,22,19.415908562760514,62.752007411838576,6.640871510399604,150.51748217599348,coffee
109,24,23,23.72743601182325,66.00144865635197,6.5966031320256135,185.0995105254694,coffee
98,32,36,23.90506161743588,58.28355595279418,6.592335298973974,166.19442987654298,coffee
115,36,29,18.50327915844241,55.84194310144559,6.21592240794544,174.90825725629992,coffee
